Passenger_ID,Passenger_Class,Survived,Name,Sex,Age,Number_of_Sibling_or_Spouses,Number_of_Parents_or_Children,Ticket_Number,Passenger_Fare,Cabin,Port_of_Embarkation
1298,Third,0,"Wiseman, Mr. Phillippe",male,,0,0,A/4. 34244,7.25,,Southampton
731,Third,0,"Cor, Mr. Ivan",male,27.0,0,0,349229,7.8958,,Southampton
1,First,1,"Allen, Miss. Elisabeth Walton",female,29.0,0,0,24160,211.3375,B5,Southampton
1147,Third,0,"Rice, Mrs. William (Margaret Norton)",female,39.0,0,5,382652,29.125,,Queenstown
154,First,1,"Hays, Miss. Margaret Bechstein",female,24.0,0,0,11767,83.1583,C54,Cherbourg
325,Second,1,"Abelson, Mrs. Samuel (Hannah Wizosky)",female,28.0,1,0,P/PP 3381,24.0,,Cherbourg
388,Second,1,"Davies, Mrs. John Morgan (Elizabeth Agnes Mary White) ",female,48.0,0,2,C.A. 33112,36.75,,Southampton
315,First,1,"Widener, Mrs. George Dunton (Eleanor Elkins)",female,50.0,1,1,113503,211.5,C80,Cherbourg
537,Second,1,"Pinsky, Mrs. (Rosa)",female,32.0,0,0,234604,13.0,,Southampton
311,First,0,"Wick, Mr. George Dennick",male,57.0,1,1,36928,164.8667,,Southampton
400,Second,0,"Drew, Mr. James Vivian",male,42.0,1,1,28220,32.5,,Southampton
1000,Third,1,"McCarthy, Miss. Catherine ""Katie""",female,,0,0,383123,7.75,,Queenstown
813,Third,0,"Fox, Mr. Patrick",male,,0,0,368573,7.75,,Queenstown
689,Third,0,"Braund, Mr. Lewis Richard",male,29.0,1,0,3460,7.0458,,Southampton
1058,Third,1,"Nicola-Yarred, Miss. Jamila",female,14.0,1,0,2651,11.2417,,Cherbourg
1180,Third,0,"Sage, Mr. John George",male,,1,9,CA. 2343,69.55,,Southampton
767,Third,0,"Delalic, Mr. Redjo",male,25.0,0,0,349250,7.8958,,Southampton
313,First,0,"Widener, Mr. George Dunton",male,50.0,1,1,113503,211.5,C80,Cherbourg
269,First,0,"Smith, Mr. Lucien Philip",male,24.0,1,0,13695,60.0,C31,Southampton
827,Third,0,"Goodwin, Master. Sidney Leonard",male,1.0,5,2,CA 2144,46.9,,Southampton
1033,Third,0,"Morrow, Mr. Thomas Rowan",male,,0,0,372622,7.75,,Queenstown
887,Third,1,"Jermyn, Miss. Annie",female,,0,0,14313,7.75,,Queenstown
866,Third,0,"Henry, Miss. Delia",female,,0,0,382649,7.75,,Queenstown
459,Second,1,"Ilett, Miss. Bertha",female,17.0,0,0,SO/C 14885,10.5,,Southampton
439,Second,1,"Herman, Miss. Kate",female,24.0,1,2,220845,65.0,,Southampton
996,Third,0,"Markoff, Mr. Marin",male,35.0,0,0,349213,7.8958,,Cherbourg
635,Third,0,"Angheloff, Mr. Minko",male,26.0,0,0,349202,7.8958,,Southampton
940,Third,0,"Klasen, Mrs. (Hulda Kristina Eugenia Lofqvist)",female,36.0,0,2,350405,12.1833,,Southampton
456,Second,0,"Howard, Mr. Benjamin",male,63.0,1,0,24065,26.0,,Southampton
153,First,1,"Hawksford, Mr. Walter James",male,,0,0,16988,30.0,D45,Southampton
810,Third,0,"Ford, Mr. Edward Watson",male,18.0,2,2,W./C. 6608,34.375,,Southampton
95,First,1,"Dodge, Master. Washington",male,4.0,0,2,33638,81.8583,A34,Southampton
1150,Third,1,"Riordan, Miss. Johanna ""Hannah""",female,,0,0,334915,7.7208,,Queenstown
1187,Third,0,"Samaan, Mr. Youssef",male,,2,0,2662,21.6792,,Cherbourg
369,Second,0,"Chapman, Mr. John Henry",male,37.0,1,0,SC/AH 29037,26.0,,Southampton
12,First,1,"Astor, Mrs. John Jacob (Madeleine Talmadge Force)",female,18.0,1,0,PC 17757,227.525,C62 C64,Cherbourg
428,Second,1,"Hamalainen, Master. Viljo",male,0.6667,1,1,250649,14.5,,Southampton
1293,Third,0,"Willey, Mr. Edward",male,,0,0,S.O./P.P. 751,7.55,,Southampton
1233,Third,1,"Sunderland, Mr. Victor Francis",male,16.0,0,0,SOTON/OQ 392089,8.05,,Southampton
1282,Third,0,"Waelens, Mr. Achille",male,22.0,0,0,345767,9.0,,Southampton
474,Second,0,"Knight, Mr. Robert J",male,,0,0,239855,0.0,,Southampton
453,Second,1,"Hold, Mrs. Stephen (Annie Margaret Hill)",female,29.0,1,0,26707,26.0,,Southampton
1034,Third,1,"Moss, Mr. Albert Johan",male,,0,0,312991,7.775,,Southampton
348,Second,0,"Bowenur, Mr. Solomon",male,42.0,0,0,211535,13.0,,Southampton
257,First,1,"Salomon, Mr. Abraham L",male,,0,0,111163,26.0,,Southampton
110,First,1,"Flynn, Mr. John Irwin (""Irving"")",male,36.0,0,0,PC 17474,26.3875,E25,Southampton
458,Second,0,"Hunt, Mr. George Henry",male,33.0,0,0,SCO/W 1585,12.275,,Southampton
426,Second,0,"Greenberg, Mr. Samuel",male,52.0,0,0,250647,13.0,,Southampton
170,First,0,"Isham, Miss. Ann Elizabeth",female,50.0,0,0,PC 17595,28.7125,C49,Cherbourg
1031,Third,0,"Moran, Mr. James",male,,0,0,330877,8.4583,,Queenstown
536,Second,0,"Phillips, Mr. Escott Robert",male,43.0,0,1,S.O./P.P. 2,21.0,,Southampton
326,Second,0,"Aldworth, Mr. Charles Augustus",male,30.0,0,0,248744,13.0,,Southampton
729,Third,0,"Cook, Mr. Jacob",male,43.0,0,0,A/5 3536,8.05,,Southampton
1106,Third,0,"Panula, Mr. Jaako Arnold",male,14.0,4,1,3101295,39.6875,,Southampton
908,Third,0,"Jussila, Miss. Katriina",female,20.0,1,0,4136,9.825,,Southampton
1238,Third,0,"Svensson, Mr. Olof",male,24.0,0,0,350035,7.7958,,Southampton
1254,Third,0,"Torfa, Mr. Assad",male,,0,0,2673,7.2292,,Cherbourg
1202,Third,0,"Sirayanian, Mr. Orsen",male,22.0,0,0,2669,7.2292,,Cherbourg
530,Second,1,"Parrish, Mrs. (Lutie Davis)",female,50.0,0,1,230433,26.0,,Southampton
567,Second,0,"Stanton, Mr. Samuel Ward",male,41.0,0,0,237734,15.0458,,Cherbourg
1134,Third,0,"Pokrnic, Mr. Mate",male,17.0,0,0,315095,8.6625,,Southampton
1064,Third,0,"Nirva, Mr. Iisakki Antino Aijo",male,41.0,0,0,SOTON/O2 3101272,7.125,,Southampton
1109,Third,0,"Patchett, Mr. George",male,19.0,0,0,358585,14.5,,Southampton
431,Second,1,"Harper, Miss. Annie Jessie ""Nina""",female,6.0,0,1,248727,33.0,,Southampton
599,Second,1,"Wright, Miss. Marion",female,26.0,0,0,220844,13.5,,Southampton
1127,Third,0,"Petranec, Miss. Matilda",female,28.0,0,0,349245,7.8958,,Southampton
83,First,1,"Crosby, Miss. Harriet R",female,36.0,0,2,WE/P 5735,71.0,B22,Southampton
481,Second,0,"Laroche, Mr. Joseph Philippe Lemercier",male,25.0,1,2,SC/Paris 2123,41.5792,,Cherbourg
861,Third,1,"Heikkinen, Miss. Laina",female,26.0,0,0,STON/O2. 3101282,7.925,,Southampton
542,Second,1,"Quick, Miss. Winifred Vera",female,8.0,1,1,26360,26.0,,Southampton
855,Third,0,"Hart, Mr. Henry",male,,0,0,394140,6.8583,,Queenstown
1050,Third,1,"Nakid, Mr. Sahid",male,20.0,1,1,2653,15.7417,,Cherbourg
850,Third,0,"Hansen, Mr. Henrik Juul",male,26.0,1,0,350025,7.8542,,Southampton
571,Second,1,"Toomey, Miss. Ellen",female,50.0,0,0,F.C.C. 13531,10.5,,Southampton
528,Second,0,"Parker, Mr. Clifford Richard",male,28.0,0,0,SC 14888,10.5,,Southampton
1035,Third,1,"Moubarek, Master. Gerios",male,,1,1,2661,15.2458,,Cherbourg
191,First,1,"Longley, Miss. Gretchen Fiske",female,21.0,0,0,13502,77.9583,D9,Southampton
937,Third,1,"Kink-Heilmann, Mrs. Anton (Luise Heilmann)",female,26.0,1,1,315153,22.025,,Southampton
1070,Third,0,"O'Brien, Mr. Thomas",male,,1,0,370365,15.5,,Queenstown
487,Second,0,"Leyson, Mr. Robert William Norman",male,24.0,0,0,C.A. 29566,10.5,,Southampton
1091,Third,0,"Oreskovic, Miss. Jelka",female,23.0,0,0,315085,8.6625,,Southampton
204,First,0,"Meyer, Mr. Edgar Joseph",male,28.0,1,0,PC 17604,82.1708,,Cherbourg
711,Third,0,"Carr, Miss. Jeannie",female,37.0,0,0,368364,7.75,,Queenstown
942,Third,1,"Krekorian, Mr. Neshan",male,25.0,0,0,2654,7.2292,F E57,Cherbourg
517,Second,0,"Navratil, Mr. Michel (""Louis M Hoffman"")",male,36.5,0,2,230080,26.0,F2,Southampton
617,Third,0,"Ali, Mr. Ahmed",male,24.0,0,0,SOTON/O.Q. 3101311,7.05,,Southampton
834,Third,0,"Green, Mr. George Henry",male,51.0,0,0,21440,8.05,,Southampton
484,Second,1,"Leitch, Miss. Jessie Wills",female,,0,0,248727,33.0,,Southampton
111,First,0,"Foreman, Mr. Benjamin Laventall",male,30.0,0,0,113051,27.75,C111,Cherbourg
1198,Third,0,"Shellard, Mr. Frederick William",male,,0,0,C.A. 6212,15.1,,Southampton
1012,Third,0,"McNamee, Mrs. Neal (Eileen O'Leary)",female,19.0,1,0,376566,16.1,,Southampton
1081,Third,1,"O'Keefe, Mr. Patrick",male,,0,0,368402,7.75,,Queenstown
577,Second,0,"Veal, Mr. James",male,40.0,0,0,28221,13.0,,Southampton
422,Second,0,"Giles, Mr. Ralph",male,24.0,0,0,248726,13.5,,Southampton
81,First,0,"Crafton, Mr. John Bertram",male,,0,0,113791,26.55,,Southampton
606,Third,1,"Abelseth, Mr. Olaus Jorgensen",male,25.0,0,0,348122,7.65,F G63,Southampton
757,Third,0,"Davison, Mr. Thomas Henry",male,,1,0,386525,16.1,,Southampton
407,Second,0,"Faunthorpe, Mr. Harry",male,40.0,1,0,2926,26.0,,Southampton
636,Third,0,"Arnold-Franchi, Mr. Josef",male,25.0,1,0,349237,17.8,,Southampton
629,Third,0,"Andersson, Miss. Sigrid Elisabeth",female,11.0,4,2,347082,31.275,,Southampton
343,Second,1,"Becker, Mrs. Allen Oliver (Nellie E Baumgardner)",female,36.0,0,3,230136,39.0,F4,Southampton
308,First,0,"White, Mr. Richard Frasar",male,21.0,0,1,35281,77.2875,D26,Southampton
566,Second,0,"Sobey, Mr. Samuel James Hayden",male,25.0,0,0,C.A. 29178,13.0,,Southampton
1045,Third,1,"Murphy, Miss. Nora",female,,0,0,36568,15.5,,Queenstown
93,First,1,"Dick, Mrs. Albert Adrian (Vera Gillespie)",female,17.0,1,0,17474,57.0,B20,Southampton
590,Second,1,"Wells, Mrs. Arthur Henry (""Addie"" Dart Trevaskis)",female,29.0,0,2,29103,23.0,,Southampton
1197,Third,1,"Sheerlinck, Mr. Jan Baptist",male,29.0,0,0,345779,9.5,,Southampton
985,Third,1,"Madigan, Miss. Margaret ""Maggie""",female,,0,0,370370,7.75,,Queenstown
1303,Third,0,"Yousif, Mr. Wazli",male,,0,0,2647,7.225,,Cherbourg
515,Second,1,"Navratil, Master. Edmond Roger",male,2.0,1,1,230080,26.0,F2,Southampton
1102,Third,0,"Panula, Master. Eino Viljami",male,1.0,4,1,3101295,39.6875,,Southampton
623,Third,0,"Andersson, Master. Sigvard Harald Elias",male,4.0,4,2,347082,31.275,,Southampton
1074,Third,0,"O'Connor, Mr. Maurice",male,,0,0,371060,7.75,,Queenstown
997,Third,0,"Markun, Mr. Johann",male,33.0,0,0,349257,7.8958,,Southampton
646,Third,1,"Asplund, Mr. Johan Charles",male,23.0,0,0,350054,7.7958,,Southampton
746,Third,1,"Daly, Miss. Margaret Marcella ""Maggie""",female,30.0,0,0,382650,6.95,,Queenstown
22,First,1,"Beckwith, Mrs. Richard Leonard (Sallie Monypeny)",female,47.0,1,1,11751,52.5542,D35,Southampton
142,First,1,"Greenfield, Mrs. Leo David (Blanche Strouse)",female,45.0,0,1,PC 17759,63.3583,D10 D12,Cherbourg
1052,Third,0,"Nancarrow, Mr. William Henry",male,33.0,0,0,A./5. 3338,8.05,,Southampton
55,First,1,"Carter, Master. William Thornton II",male,11.0,1,2,113760,120.0,B96 B98,Southampton
904,Third,0,"Johnston, Mrs. Andrew G (Elizabeth ""Lily"" Watson)",female,,1,2,W./C. 6607,23.45,,Southampton
1119,Third,0,"Peltomaki, Mr. Nikolai Johannes",male,25.0,0,0,STON/O 2. 3101291,7.925,,Southampton
891,Third,0,"Johansson, Mr. Erik",male,22.0,0,0,350052,7.7958,,Southampton
298,First,1,"Thorne, Mrs. Gertrude Maybelle",female,,0,0,PC 17585,79.2,,Cherbourg
198,First,0,"Marvin, Mr. Daniel Warner",male,19.0,1,0,113773,53.1,D30,Southampton
1022,Third,0,"Mionoff, Mr. Stoytcho",male,28.0,0,0,349207,7.8958,,Southampton
280,First,0,"Stead, Mr. William Thomas",male,62.0,0,0,113514,26.55,C87,Southampton
870,Third,0,"Holthen, Mr. Johan Martin",male,28.0,0,0,C 4001,22.525,,Southampton
224,First,0,"Parr, Mr. William Henry Marsh",male,,0,0,112052,0.0,,Southampton
1017,Third,0,"Mernagh, Mr. Robert",male,,0,0,368703,7.75,,Queenstown
173,First,0,"Julian, Mr. Henry Forbes",male,50.0,0,0,113044,26.0,E60,Southampton
988,Third,0,"Mahon, Miss. Bridget Delia",female,,0,0,330924,7.8792,,Queenstown
417,Second,0,"Gaskell, Mr. Alfred",male,16.0,0,0,239865,26.0,,Southampton
386,Second,1,"Davies, Master. John Morgan Jr",male,8.0,1,1,C.A. 33112,36.75,,Southampton
784,Third,1,"Duquemin, Mr. Joseph",male,24.0,0,0,S.O./P.P. 752,7.55,,Southampton
45,First,1,"Burns, Miss. Elizabeth Margaret",female,41.0,0,0,16966,134.5,E40,Cherbourg
1014,Third,0,"Meanwell, Miss. (Marion Ogden)",female,,0,0,SOTON/O.Q. 392087,8.05,,Southampton
952,Third,0,"Larsson, Mr. Bengt Edvin",male,29.0,0,0,347067,7.775,,Southampton
1264,Third,0,"van Billiard, Master. Walter John",male,11.5,1,1,A/5. 851,14.5,,Southampton
1229,Third,1,"Stranden, Mr. Juho",male,31.0,0,0,STON/O 2. 3101288,7.925,,Southampton
550,Second,1,"Richards, Master. William Rowe",male,3.0,1,1,29106,18.75,,Southampton
197,First,1,"Marechal, Mr. Pierre",male,,0,0,11774,29.7,C47,Cherbourg
296,First,1,"Thayer, Mr. John Borland Jr",male,17.0,0,2,17421,110.8833,C70,Cherbourg
939,Third,0,"Klasen, Mr. Klas Albin",male,18.0,1,1,350404,7.8542,,Southampton
105,First,1,"Eustis, Miss. Elizabeth Mussey",female,54.0,1,0,36947,78.2667,D20,Cherbourg
1189,Third,1,"Sandstrom, Mrs. Hjalmar (Agnes Charlotta Bengtsson)",female,24.0,0,2,PP 9549,16.7,G6,Southampton
276,First,1,"Spedden, Mrs. Frederic Oakley (Margaretta Corning Stone)",female,40.0,1,1,16966,134.5,E34,Cherbourg
642,Third,1,"Asplund, Master. Edvin Rojj Felix",male,3.0,4,2,347077,31.3875,,Southampton
212,First,0,"Moore, Mr. Clarence Bloomfield",male,47.0,0,0,113796,42.4,,Southampton
353,Second,1,"Brown, Mrs. Thomas William Solomon (Elizabeth Catherine Ford)",female,40.0,1,1,29750,39.0,,Southampton
430,Second,0,"Harbeck, Mr. William H",male,44.0,0,0,248746,13.0,,Southampton
277,First,0,"Spencer, Mr. William Augustus",male,57.0,1,0,PC 17569,146.5208,B78,Cherbourg
1051,Third,1,"Nakid, Mrs. Said (Waika ""Mary"" Mowad)",female,19.0,1,1,2653,15.7417,,Cherbourg
1055,Third,0,"Naughton, Miss. Hannah",female,,0,0,365237,7.75,,Queenstown
370,Second,0,"Chapman, Mrs. John Henry (Sara Elizabeth Lawry)",female,29.0,1,0,SC/AH 29037,26.0,,Southampton
51,First,1,"Cardeza, Mrs. James Warburton Martinez (Charlotte Wardle Drake)",female,58.0,0,1,PC 17755,512.3292,B51 B53 B55,Cherbourg
795,Third,1,"Emanuel, Miss. Virginia Ethel",female,5.0,0,0,364516,12.475,,Southampton
1115,Third,0,"Pearce, Mr. Ernest",male,,0,0,343271,7.0,,Southampton
211,First,0,"Molson, Mr. Harry Markland",male,55.0,0,0,113787,30.5,C30,Southampton
1060,Third,0,"Niklasson, Mr. Samuel",male,28.0,0,0,363611,8.05,,Southampton
1170,Third,0,"Saether, Mr. Simon Sivertsen",male,38.5,0,0,SOTON/O.Q. 3101262,7.25,,Southampton
1278,Third,1,"Vartanian, Mr. David",male,22.0,0,0,2658,7.225,,Cherbourg
1181,Third,0,"Sage, Mrs. John (Annie Bullen)",female,,1,9,CA. 2343,69.55,,Southampton
857,Third,1,"Healy, Miss. Hanora ""Nora""",female,,0,0,370375,7.75,,Queenstown
921,Third,0,"Keane, Mr. Andrew ""Andy""",male,,0,0,12460,7.75,,Queenstown
118,First,1,"Francatelli, Miss. Laura Mabel",female,30.0,0,0,PC 17485,56.9292,E36,Cherbourg
1226,Third,0,"Storey, Mr. Thomas",male,60.5,0,0,3701,,,Southampton
291,First,0,"Taussig, Mr. Emil",male,52.0,1,1,110413,79.65,E67,Southampton
1241,Third,1,"Thomas, Master. Assad Alexander",male,0.4167,0,1,2625,8.5167,,Cherbourg
116,First,0,"Fortune, Mr. Mark",male,64.0,1,4,19950,263.0,C23 C25 C27,Southampton
1138,Third,0,"Razi, Mr. Raihed",male,,0,0,2629,7.2292,,Cherbourg
776,Third,0,"Doharr, Mr. Tannous",male,,0,0,2686,7.2292,,Cherbourg
640,Third,0,"Asplund, Master. Carl Edgar",male,5.0,4,2,347077,31.3875,,Southampton
97,First,0,"Douglas, Mr. Walter Donald",male,50.0,1,0,PC 17761,106.425,C86,Cherbourg
233,First,0,"Porter, Mr. Walter Chamberlain",male,47.0,0,0,110465,52.0,C110,Southampton
341,Second,1,"Becker, Miss. Marion Louise",female,4.0,2,1,230136,39.0,F4,Southampton
480,Second,1,"Laroche, Miss. Simonne Marie Anne Andree",female,3.0,1,2,SC/Paris 2123,41.5792,,Cherbourg
1216,Third,0,"Smith, Mr. Thomas",male,,0,0,384461,7.75,,Queenstown
619,Third,0,"Allen, Mr. William Henry",male,35.0,0,0,373450,8.05,,Southampton
1125,Third,0,"Peters, Miss. Katie",female,,0,0,330935,8.1375,,Queenstown
1309,Third,0,"Zimmerman, Mr. Leo",male,29.0,0,0,315082,7.875,,Southampton
534,Second,1,"Phillips, Miss. Alice Frances Louisa",female,21.0,0,1,S.O./P.P. 2,21.0,,Southampton
715,Third,1,"Chip, Mr. Chang",male,32.0,0,0,1601,56.4958,,Southampton
946,Third,1,"Lam, Mr. Ali",male,,0,0,1601,56.4958,,Southampton
48,First,1,"Calderhead, Mr. Edward Pennington",male,42.0,0,0,PC 17476,26.2875,E24,Southampton
497,Second,0,"Matthews, Mr. William John",male,30.0,0,0,28228,13.0,,Southampton
186,First,0,"Lindeberg-Lind, Mr. Erik Gustaf (""Mr Edward Lingrey"")",male,42.0,0,0,17475,26.55,,Southampton
845,Third,0,"Hakkarainen, Mr. Pekka Pietari",male,28.0,1,0,STON/O2. 3101279,15.85,,Southampton
728,Third,0,"Connors, Mr. Patrick",male,70.5,0,0,370369,7.75,,Queenstown
724,Third,0,"Conlon, Mr. Thomas Henry",male,31.0,0,0,21332,7.7333,,Queenstown
1004,Third,1,"McCoy, Mr. Bernard",male,,2,0,367226,23.25,,Queenstown
572,Second,0,"Troupiansky, Mr. Moses Aaron",male,23.0,0,0,233639,13.0,,Southampton
1160,Third,1,"Roth, Miss. Sarah A",female,,0,0,342712,8.05,,Southampton
15,First,1,"Barkworth, Mr. Algernon Henry Wilson",male,80.0,0,0,27042,30.0,A23,Southampton
669,Third,0,"Barton, Mr. David John",male,22.0,0,0,324669,8.05,,Southampton
17,First,0,"Baxter, Mr. Quigg Edmond",male,24.0,0,1,PC 17558,247.5208,B58 B60,Cherbourg
913,Third,0,"Karaic, Mr. Milan",male,30.0,0,0,349246,7.8958,,Southampton
719,Third,0,"Coelho, Mr. Domingos Fernandeo",male,20.0,0,0,SOTON/O.Q. 3101307,7.05,,Southampton
393,Second,1,"del Carlo, Mrs. Sebastiano (Argenia Genovesi)",female,24.0,1,0,SC/PARIS 2167,27.7208,,Cherbourg
1243,Third,0,"Thomas, Mr. John",male,,0,0,2681,6.4375,,Cherbourg
709,Third,0,"Carlsson, Mr. Carl Robert",male,24.0,0,0,350409,7.8542,,Southampton
1194,Third,0,"Scanlan, Mr. James",male,,0,0,36209,7.725,,Queenstown
304,First,0,"Warren, Mr. Frank Manley",male,64.0,1,0,110813,75.25,D37,Cherbourg
222,First,0,"Ostby, Mr. Engelhart Cornelius",male,65.0,0,1,113509,61.9792,B30,Cherbourg
976,Third,0,"Lobb, Mrs. William Arthur (Cordelia K Stanlick)",female,26.0,1,0,A/5. 3336,16.1,,Southampton
1105,Third,0,"Panula, Mr. Ernesti Arvid",male,16.0,4,1,3101295,39.6875,,Southampton
108,First,1,"Flegenheim, Mrs. Alfred (Antoinette)",female,,0,0,PC 17598,31.6833,,Southampton
888,Third,1,"Johannesen-Bratthammer, Mr. Bernt",male,,0,0,65306,8.1125,,Southampton
1003,Third,1,"McCoy, Miss. Alicia",female,,2,0,367226,23.25,,Queenstown
628,Third,0,"Andersson, Miss. Ingeborg Constanzia",female,9.0,4,2,347082,31.275,,Southampton
889,Third,0,"Johanson, Mr. Jakob Alfred",male,34.0,0,0,3101264,6.4958,,Southampton
1213,Third,0,"Slabenoff, Mr. Petco",male,,0,0,349214,7.8958,,Southampton
894,Third,0,"Johansson, Mr. Nils",male,29.0,0,0,347467,7.8542,,Southampton
603,Third,0,"Abbott, Mr. Rossmore Edward",male,16.0,1,1,C.A. 2673,20.25,,Southampton
201,First,0,"McCaffry, Mr. Thomas Francis",male,46.0,0,0,13050,75.2417,C6,Cherbourg
694,Third,1,"Buckley, Mr. Daniel",male,21.0,0,0,330920,7.8208,,Queenstown
1183,Third,1,"Salkjelsvik, Miss. Anna Kristine",female,21.0,0,0,343120,7.65,,Southampton
364,Second,0,"Campbell, Mr. William",male,,0,0,239853,0.0,,Southampton
203,First,1,"McGough, Mr. James Robert",male,36.0,0,0,PC 17473,26.2875,E25,Southampton
53,First,0,"Carrau, Mr. Francisco M",male,28.0,0,0,113059,47.1,,Southampton
1262,Third,1,"Turkula, Mrs. (Hedwig)",female,63.0,0,0,4134,9.5875,,Southampton
945,Third,0,"Laleff, Mr. Kristo",male,,0,0,349217,7.8958,,Southampton
541,Second,1,"Quick, Miss. Phyllis May",female,2.0,1,1,26360,26.0,,Southampton
1244,Third,0,"Thomas, Mr. Tannous",male,,0,0,2684,7.225,,Cherbourg
684,Third,0,"Bourke, Mr. John",male,40.0,1,1,364849,15.5,,Queenstown
1159,Third,0,"Rosblom, Mrs. Viktor (Helena Wilhelmina)",female,41.0,0,2,370129,20.2125,,Southampton
1169,Third,0,"Sadowitz, Mr. Harry",male,,0,0,LP 1588,7.575,,Southampton
800,Third,0,"Fischer, Mr. Eberhard Thelander",male,18.0,0,0,350036,7.7958,,Southampton
37,First,1,"Bowerman, Miss. Elsie Edith",female,22.0,0,1,113505,55.0,E33,Southampton
475,Second,0,"Kvillner, Mr. Johan Henrik Johannesson",male,31.0,0,0,C.A. 18723,10.5,,Southampton
595,Second,0,"Wheadon, Mr. Edward H",male,66.0,0,0,C.A. 24579,10.5,,Southampton
1005,Third,1,"McDermott, Miss. Brigdet Delia",female,,0,0,330932,7.7875,,Queenstown
10,First,0,"Artagaveytia, Mr. Ramon",male,71.0,0,0,PC 17609,49.5042,,Cherbourg
557,Second,0,"Sharp, Mr. Percival James R",male,27.0,0,0,244358,26.0,,Southampton
924,Third,1,"Kelly, Miss. Mary",female,,0,0,14312,7.75,,Queenstown
1211,Third,0,"Skoog, Mr. Wilhelm",male,40.0,1,4,347088,27.9,,Southampton
40,First,0,"Brandeis, Mr. Emil",male,48.0,0,0,PC 17591,50.4958,B10,Cherbourg
932,Third,0,"Kilgannon, Mr. Thomas J",male,,0,0,36865,7.7375,,Queenstown
791,Third,0,"Elias, Mr. Joseph",male,39.0,0,2,2675,7.2292,,Cherbourg
970,Third,0,"Lindell, Mrs. Edvard Bengtsson (Elin Gerda Persson)",female,30.0,1,0,349910,15.55,,Southampton
877,Third,0,"Ilieff, Mr. Ylio",male,,0,0,349220,7.8958,,Southampton
699,Third,0,"Cacic, Mr. Jego Grga",male,18.0,0,0,315091,8.6625,,Southampton
337,Second,1,"Beane, Mr. Edward",male,32.0,1,0,2908,26.0,,Southampton
486,Second,0,"Levy, Mr. Rene Jacques",male,36.0,0,0,SC/Paris 2163,12.875,D,Cherbourg
564,Second,0,"Slemen, Mr. Richard James",male,35.0,0,0,28206,10.5,,Southampton
584,Second,1,"Watt, Mrs. James (Elizabeth ""Bessie"" Inglis Milne)",female,40.0,0,0,C.A. 33595,15.75,,Southampton
759,Third,1,"de Messemaeker, Mr. Guillaume Joseph",male,36.5,1,0,345572,17.4,,Southampton
1252,Third,0,"Tomlin, Mr. Ernest Portage",male,30.5,0,0,364499,8.05,,Southampton
360,Second,1,"Caldwell, Master. Alden Gates",male,0.8333,0,2,248738,29.0,,Southampton
151,First,0,"Harrison, Mr. William",male,40.0,0,0,112059,0.0,B94,Southampton
452,Second,0,"Hold, Mr. Stephen",male,44.0,1,0,26707,26.0,,Southampton
478,Second,0,"Lamb, Mr. John Joseph",male,,0,0,240261,10.7083,,Queenstown
62,First,1,"Cavendish, Mrs. Tyrell William (Julia Florence Siegel)",female,76.0,1,0,19877,78.85,C46,Southampton
88,First,1,"Daniel, Mr. Robert Williams",male,27.0,0,0,113804,30.5,,Southampton
52,First,0,"Carlsson, Mr. Frans Olof",male,33.0,0,0,695,5.0,B51 B53 B55,Southampton
65,First,1,"Chambers, Mr. Norman Campbell",male,27.0,1,0,113806,53.1,E8,Southampton
727,Third,0,"Connolly, Miss. Kate",female,30.0,0,0,330972,7.6292,,Queenstown
570,Second,0,"Sweet, Mr. George Frederick",male,14.0,0,0,220845,65.0,,Southampton
1161,Third,0,"Rouse, Mr. Richard Henry",male,50.0,0,0,A/5 3594,8.05,,Southampton
247,First,0,"Rothschild, Mr. Martin",male,55.0,1,0,PC 17603,59.4,,Cherbourg
901,Third,0,"Johnston, Master. William Arthur ""Willie""",male,,1,2,W./C. 6607,23.45,,Southampton
695,Third,0,"Burke, Mr. Jeremiah",male,19.0,0,0,365222,6.75,,Queenstown
8,First,0,"Andrews, Mr. Thomas Jr",male,39.0,0,0,112050,0.0,A36,Southampton
92,First,1,"Dick, Mr. Albert Adrian",male,31.0,1,0,17474,57.0,B20,Southampton
1163,Third,1,"Ryan, Mr. Edward",male,,0,0,383162,7.75,,Queenstown
1270,Third,0,"Vande Velde, Mr. Johannes Joseph",male,33.0,0,0,345780,9.5,,Southampton
574,Second,1,"Troutt, Miss. Edwina Celia ""Winnie""",female,27.0,0,0,34218,10.5,E101,Southampton
949,Third,0,"Lane, Mr. Patrick",male,,0,0,7935,7.75,,Queenstown
483,Second,1,"Lehmann, Miss. Bertha",female,17.0,0,0,SC 1748,12.0,,Cherbourg
319,First,0,"Williams-Lambert, Mr. Fletcher Fellows",male,,0,0,113510,35.0,C128,Southampton
1088,Third,0,"Olsson, Mr. Nils Johan Goransson",male,28.0,0,0,347464,7.8542,,Southampton
1079,Third,1,"O'Dwyer, Miss. Ellen ""Nellie""",female,,0,0,330959,7.8792,,Queenstown
1146,Third,0,"Rice, Master. George Hugh",male,8.0,4,1,382652,29.125,,Queenstown
215,First,1,"Newell, Miss. Marjorie",female,23.0,1,0,35273,113.275,D36,Cherbourg
1249,Third,0,"Tikkanen, Mr. Juho",male,32.0,0,0,STON/O 2. 3101293,7.925,,Southampton
514,Second,1,"Nasser, Mrs. Nicholas (Adele Achem)",female,14.0,1,0,237736,30.0708,,Cherbourg
268,First,0,"Smith, Mr. James Clinch",male,56.0,0,0,17764,30.6958,A7,Cherbourg
626,Third,1,"Andersson, Miss. Erna Alexandra",female,17.0,4,2,3101281,7.925,,Southampton
1096,Third,0,"O'Sullivan, Miss. Bridget Mary",female,,0,0,330909,7.6292,,Queenstown
559,Second,1,"Silven, Miss. Lyyli Karoliina",female,18.0,0,2,250652,13.0,,Southampton
207,First,0,"Minahan, Dr. William Edward",male,44.0,2,0,19928,90.0,C78,Queenstown
903,Third,0,"Johnston, Mr. Andrew G",male,,1,2,W./C. 6607,23.45,,Southampton
275,First,1,"Spedden, Mr. Frederic Oakley",male,45.0,1,1,16966,134.5,E34,Cherbourg
1114,Third,0,"Peacock, Mrs. Benjamin (Edith Nile)",female,26.0,0,2,SOTON/O.Q. 3101315,13.775,,Southampton
1236,Third,0,"Svensson, Mr. Johan",male,74.0,0,0,347060,7.775,,Southampton
741,Third,0,"Culumovic, Mr. Jeso",male,17.0,0,0,315090,8.6625,,Southampton
925,Third,0,"Kelly, Mr. James",male,34.5,0,0,330911,7.8292,,Queenstown
23,First,1,"Behr, Mr. Karl Howell",male,26.0,0,0,111369,30.0,C148,Cherbourg
1130,Third,0,"Petterson, Mr. Johan Emil",male,25.0,1,0,347076,7.775,,Southampton
27,First,1,"Bishop, Mr. Dickinson H",male,25.0,1,0,11967,91.0792,B49,Cherbourg
249,First,0,"Rowe, Mr. Alfred G",male,33.0,0,0,113790,26.55,,Southampton
120,First,1,"Frauenthal, Dr. Henry William",male,50.0,2,0,PC 17611,133.65,,Southampton
804,Third,0,"Foley, Mr. Joseph",male,26.0,0,0,330910,7.8792,,Queenstown
1291,Third,1,"Wilkes, Mrs. James (Ellen Needs)",female,47.0,1,0,363272,7.0,,Southampton
914,Third,1,"Karlsson, Mr. Einar Gervasius",male,21.0,0,0,350053,7.7958,,Southampton
1205,Third,0,"Sivola, Mr. Antti Wilhelm",male,21.0,0,0,STON/O 2. 3101280,7.925,,Southampton
63,First,0,"Chaffee, Mr. Herbert Fuller",male,46.0,1,0,W.E.P. 5734,61.175,E31,Southampton
882,Third,1,"Jansson, Mr. Carl Olof",male,21.0,0,0,350034,7.7958,,Southampton
554,Second,1,"Rugg, Miss. Emily",female,21.0,0,0,C.A. 31026,10.5,,Southampton
698,Third,0,"Cacic, Miss. Marija",female,30.0,0,0,315084,8.6625,,Southampton
968,Third,0,"Lindblom, Miss. Augusta Charlotta",female,45.0,0,0,347073,7.75,,Southampton
506,Second,0,"Milling, Mr. Jacob Christian",male,48.0,0,0,234360,13.0,,Southampton
125,First,1,"Frolicher-Stehli, Mrs. Maxmillian (Margaretha Emerentia Stehli)",female,48.0,1,1,13567,79.2,B41,Cherbourg
516,Second,1,"Navratil, Master. Michel M",male,3.0,1,1,230080,26.0,F2,Southampton
138,First,1,"Graham, Miss. Margaret Edith",female,19.0,0,0,112053,30.0,B42,Southampton
262,First,1,"Silverthorne, Mr. Spencer Victor",male,35.0,0,0,PC 17475,26.2875,E24,Southampton
1228,Third,0,"Strandberg, Miss. Ida Sofia",female,22.0,0,0,7553,9.8375,,Southampton
862,Third,0,"Heininen, Miss. Wendla Maria",female,23.0,0,0,STON/O2. 3101290,7.925,,Southampton
307,First,0,"White, Mr. Percival Wayland",male,54.0,0,1,35281,77.2875,D26,Southampton
374,Second,1,"Clarke, Mrs. Charles V (Ada Maria Winfield)",female,28.0,1,0,2003,26.0,,Southampton
11,First,0,"Astor, Col. John Jacob",male,47.0,1,0,PC 17757,227.525,C62 C64,Cherbourg
1201,Third,0,"Simmons, Mr. John",male,,0,0,SOTON/OQ 392082,8.05,,Southampton
553,Second,0,"Rogers, Mr. Reginald Harry",male,19.0,0,0,28004,10.5,,Southampton
917,Third,1,"Karun, Miss. Manca",female,4.0,0,1,349256,13.4167,,Cherbourg
1179,Third,0,"Sage, Mr. George John Jr",male,,8,2,CA. 2343,69.55,,Southampton
895,Third,1,"Johnson, Master. Harold Theodor",male,4.0,1,1,347742,11.1333,,Southampton
645,Third,0,"Asplund, Mr. Carl Oscar Vilhelm Gustafsson",male,40.0,1,5,347077,31.3875,,Southampton
1086,Third,0,"Olsen, Mr. Ole Martin",male,,0,0,Fa 265302,7.3125,,Southampton
361,Second,1,"Caldwell, Mr. Albert Francis",male,26.0,1,1,248738,29.0,,Southampton
378,Second,1,"Collyer, Miss. Marjorie ""Lottie""",female,8.0,0,2,C.A. 31921,26.25,,Southampton
1188,Third,1,"Sandstrom, Miss. Beatrice Irene",female,1.0,1,1,PP 9549,16.7,G6,Southampton
1056,Third,0,"Nenkoff, Mr. Christo",male,,0,0,349234,7.8958,,Southampton
330,Second,1,"Angle, Mrs. William A (Florence ""Mary"" Agnes Hughes)",female,36.0,1,0,226875,26.0,,Southampton
589,Second,1,"Wells, Miss. Joan",female,4.0,1,1,29103,23.0,,Southampton
915,Third,0,"Karlsson, Mr. Julius Konrad Eugen",male,33.0,0,0,347465,7.8542,,Southampton
129,First,0,"Gee, Mr. Arthur H",male,47.0,0,0,111320,38.5,E63,Southampton
920,Third,0,"Katavelas, Mr. Vassilios (""Catavelas Vassilios"")",male,18.5,0,0,2682,7.2292,,Cherbourg
328,Second,0,"Andrew, Mr. Frank Thomas",male,25.0,0,0,C.A. 34050,10.5,,Southampton
793,Third,0,"Elias, Mr. Tannous",male,15.0,1,1,2695,7.2292,,Cherbourg
750,Third,0,"Danbom, Mrs. Ernst Gilbert (Anna Sigrid Maria Brogren)",female,28.0,1,1,347080,14.4,,Southampton
90,First,0,"Davidson, Mr. Thornton",male,31.0,1,0,F.C. 12750,52.0,B71,Southampton
133,First,0,"Giglio, Mr. Victor",male,24.0,0,0,PC 17593,79.2,B86,Cherbourg
667,Third,0,"Barbara, Mrs. (Catherine David)",female,45.0,0,1,2691,14.4542,,Cherbourg
479,Second,1,"Laroche, Miss. Louise",female,1.0,1,2,SC/Paris 2123,41.5792,,Cherbourg
1193,Third,0,"Sawyer, Mr. Frederick Charles",male,24.5,0,0,342826,8.05,,Southampton
1075,Third,0,"O'Connor, Mr. Patrick",male,,0,0,366713,7.75,,Queenstown
974,Third,0,"Lithman, Mr. Simon",male,,0,0,S.O./P.P. 251,7.55,,Southampton
686,Third,0,"Bowen, Mr. David John ""Dai""",male,21.0,0,0,54636,16.1,,Southampton
581,Second,1,"Ware, Mrs. John James (Florence Louise Long)",female,31.0,0,0,CA 31352,21.0,,Southampton
104,First,1,"Endres, Miss. Caroline Louise",female,38.0,0,0,PC 17757,227.525,C45,Cherbourg
675,Third,1,"Bing, Mr. Lee",male,32.0,0,0,1601,56.4958,,Southampton
745,Third,0,"Dakic, Mr. Branko",male,19.0,0,0,349228,10.1708,,Southampton
382,Second,0,"Corbett, Mrs. Walter H (Irene Colvin)",female,30.0,0,0,237249,13.0,,Southampton
1260,Third,0,"Turcin, Mr. Stjepan",male,36.0,0,0,349247,7.8958,,Southampton
671,Third,0,"Bengtsson, Mr. John Viktor",male,26.0,0,0,347068,7.775,,Southampton
681,Third,0,"Boulos, Mr. Hanna",male,,0,0,2664,7.225,,Cherbourg
238,First,0,"Robbins, Mr. Victor",male,,0,0,PC 17757,227.525,,Cherbourg
1156,Third,0,"Rommetvedt, Mr. Knud Paust",male,,0,0,312993,7.775,,Southampton
1162,Third,0,"Rush, Mr. Alfred George John",male,16.0,0,0,A/4. 20589,8.05,,Southampton
342,Second,1,"Becker, Miss. Ruth Elizabeth",female,12.0,2,1,230136,39.0,F4,Southampton
199,First,1,"Marvin, Mrs. Daniel Warner (Mary Graham Carmichael Farquarson)",female,18.0,1,0,113773,53.1,D30,Southampton
973,Third,0,"Ling, Mr. Lee",male,28.0,0,0,1601,56.4958,,Southampton
658,Third,1,"Baclini, Miss. Eugenie",female,0.75,2,1,2666,19.2583,,Cherbourg
190,First,0,"Long, Mr. Milton Clyde",male,29.0,0,0,113501,30.0,D6,Southampton
167,First,0,"Hoyt, Mr. William Fisher",male,,0,0,PC 17600,30.6958,,Cherbourg
849,Third,0,"Hansen, Mr. Claus Peter",male,41.0,2,0,350026,14.1083,,Southampton
1186,Third,0,"Samaan, Mr. Hanna",male,,2,0,2662,21.6792,,Cherbourg
476,Second,0,"Lahtinen, Mrs. William (Anna Sylfven)",female,26.0,1,1,250651,26.0,,Southampton
1013,Third,0,"McNeill, Miss. Bridget",female,,0,0,370368,7.75,,Queenstown
408,Second,1,"Faunthorpe, Mrs. Lizzie (Elizabeth Anne Wilkinson)",female,29.0,1,0,2926,26.0,,Southampton
712,Third,0,"Carver, Mr. Alfred John",male,28.0,0,0,392095,7.25,,Southampton
390,Second,0,"de Brito, Mr. Jose Joaquim",male,32.0,0,0,244360,13.0,,Southampton
1210,Third,0,"Skoog, Miss. Margit Elizabeth",female,2.0,3,2,347088,27.9,,Southampton
1185,Third,0,"Samaan, Mr. Elias",male,,2,0,2662,21.6792,,Cherbourg
256,First,1,"Sagesser, Mlle. Emma",female,24.0,0,0,PC 17477,69.3,B35,Cherbourg
543,Second,1,"Quick, Mrs. Frederick Charles (Jane Richards)",female,33.0,0,2,26360,26.0,,Southampton
799,Third,1,"Finoli, Mr. Luigi",male,,0,0,SOTON/O.Q. 3101308,7.05,,Southampton
56,First,1,"Carter, Miss. Lucile Polk",female,14.0,1,2,113760,120.0,B96 B98,Southampton
246,First,1,"Rothes, the Countess. of (Lucy Noel Martha Dyer-Edwards)",female,33.0,0,0,110152,86.5,B77,Southampton
758,Third,1,"Davison, Mrs. Thomas Henry (Mary E Finck)",female,,1,0,386525,16.1,,Southampton
1212,Third,0,"Skoog, Mrs. William (Anna Bernhardina Karlsson)",female,45.0,1,4,347088,27.9,,Southampton
672,Third,0,"Berglund, Mr. Karl Ivar Sven",male,22.0,0,0,PP 4348,9.35,,Southampton
931,Third,0,"Kiernan, Mr. Philip",male,,1,0,367229,7.75,,Queenstown
1218,Third,0,"Soholt, Mr. Peter Andreas Lauritz Andersen",male,19.0,0,0,348124,7.65,F G73,Southampton
726,Third,1,"Connolly, Miss. Kate",female,22.0,0,0,370373,7.75,,Queenstown
1174,Third,0,"Sage, Miss. Constance Gladys",female,,8,2,CA. 2343,69.55,,Southampton
1154,Third,0,"Robins, Mrs. Alexander A (Grace Charity Laury)",female,47.0,1,0,A/5. 3337,14.5,,Southampton
632,Third,0,"Andersson, Mr. Johan Samuel",male,26.0,0,0,347075,7.775,,Southampton
664,Third,0,"Balkic, Mr. Cerin",male,26.0,0,0,349248,7.8958,,Southampton
195,First,0,"Maguire, Mr. John Edward",male,30.0,0,0,110469,26.0,C106,Southampton
34,First,1,"Bonnell, Miss. Elizabeth",female,58.0,0,0,113783,26.55,C103,Southampton
394,Second,0,"Denbury, Mr. Herbert",male,25.0,0,0,C.A. 31029,31.5,,Southampton
1269,Third,0,"van Melkebeke, Mr. Philemon",male,,0,0,345777,9.5,,Southampton
858,Third,1,"Hedman, Mr. Oskar Arvid",male,27.0,0,0,347089,6.975,,Southampton
316,First,1,"Willard, Miss. Constance",female,21.0,0,0,113795,26.55,,Southampton
57,First,1,"Carter, Mr. William Ernest",male,36.0,1,2,113760,120.0,B96 B98,Southampton
1136,Third,0,"Radeff, Mr. Alexander",male,,0,0,349223,7.8958,,Southampton
213,First,0,"Natsch, Mr. Charles H",male,37.0,0,1,PC 17596,29.7,C118,Cherbourg
538,Second,0,"Ponesell, Mr. Martin",male,34.0,0,0,250647,13.0,,Southampton
1002,Third,1,"McCoy, Miss. Agnes",female,,2,0,367226,23.25,,Queenstown
494,Second,0,"Mallet, Mr. Albert",male,31.0,1,1,S.C./PARIS 2079,37.0042,,Cherbourg
354,Second,1,"Bryhl, Miss. Dagmar Jenny Ingeborg ",female,20.0,1,0,236853,26.0,,Southampton
149,First,0,"Harris, Mr. Henry Birkhardt",male,45.0,1,0,36973,83.475,C83,Southampton
825,Third,0,"Goncalves, Mr. Manuel Estanslas",male,38.0,0,0,SOTON/O.Q. 3101306,7.05,,Southampton
1116,Third,0,"Pedersen, Mr. Olaf",male,,0,0,345498,7.775,,Southampton
720,Third,1,"Cohen, Mr. Gurshon ""Gus""",male,18.0,0,0,A/5 3540,8.05,,Southampton
231,First,1,"Perreault, Miss. Anne",female,30.0,0,0,12749,93.5,B73,Southampton
75,First,0,"Clifford, Mr. George Quincy",male,,0,0,110465,52.0,A14,Southampton
916,Third,0,"Karlsson, Mr. Nils August",male,22.0,0,0,350060,7.5208,,Southampton
739,Third,1,"Cribb, Miss. Laura Alice",female,17.0,0,1,371362,16.1,,Southampton
1207,Third,0,"Skoog, Master. Harald",male,4.0,3,2,347088,27.9,,Southampton
688,Third,0,"Braf, Miss. Elin Ester Maria",female,20.0,0,0,347471,7.8542,,Southampton
1306,Third,0,"Zabour, Miss. Thamine",female,,1,0,2665,14.4542,,Cherbourg
1289,Third,0,"Wiklund, Mr. Jakob Alfred",male,18.0,1,0,3101267,6.4958,,Southampton
613,Third,1,"Aks, Mrs. Sam (Leah Rosen)",female,18.0,0,1,392091,9.35,,Southampton
1085,Third,0,"Olsen, Mr. Karl Siegwart Andreas",male,42.0,0,1,4579,8.4042,,Southampton
1223,Third,0,"Stankovic, Mr. Ivan",male,33.0,0,0,349239,8.6625,,Cherbourg
847,Third,0,"Hampe, Mr. Leon",male,20.0,0,0,345769,9.5,,Southampton
561,Second,1,"Sinkkonen, Miss. Anna",female,30.0,0,0,250648,13.0,,Southampton
267,First,0,"Smart, Mr. John Montgomery",male,56.0,0,0,113792,26.55,,Southampton
181,First,1,"Kreuchen, Miss. Emilie",female,39.0,0,0,24160,211.3375,,Southampton
961,Third,0,"Lemberopolous, Mr. Peter L",male,34.5,0,0,2683,6.4375,,Cherbourg
764,Third,1,"Dean, Miss. Elizabeth Gladys ""Millvina""",female,0.1667,1,2,C.A. 2315,20.575,,Southampton
511,Second,0,"Mudd, Mr. Thomas Charles",male,16.0,0,0,S.O./P.P. 3,10.5,,Southampton
1020,Third,0,"Mineff, Mr. Ivan",male,24.0,0,0,349233,7.8958,,Southampton
697,Third,0,"Cacic, Miss. Manda",female,21.0,0,0,315087,8.6625,,Southampton
1120,Third,0,"Perkin, Mr. John Henry",male,22.0,0,0,A/5 21174,7.25,,Southampton
309,First,1,"White, Mrs. John Stuart (Ella Holmes)",female,55.0,0,0,PC 17760,135.6333,C32,Cherbourg
944,Third,0,"Laitinen, Miss. Kristina Sofia",female,37.0,0,0,4135,9.5875,,Southampton
1099,Third,0,"Palsson, Miss. Stina Viola",female,3.0,3,1,349909,21.075,,Southampton
314,First,0,"Widener, Mr. Harry Elkins",male,27.0,0,2,113503,211.5,C82,Cherbourg
818,Third,0,"Gilinski, Mr. Eliezer",male,22.0,0,0,14973,8.05,,Southampton
372,Second,1,"Christy, Mrs. (Alice Frances)",female,45.0,0,2,237789,30.0,,Southampton
84,First,1,"Crosby, Mrs. Edward Gifford (Catherine Elizabeth Halstead)",female,64.0,1,1,112901,26.55,B26,Southampton
336,Second,0,"Bateman, Rev. Robert James",male,51.0,0,0,S.O.P. 1166,12.525,,Southampton
25,First,1,"Bird, Miss. Ellen",female,29.0,0,0,PC 17483,221.7792,C97,Southampton
1247,Third,0,"Thorneycroft, Mr. Percival",male,,1,0,376564,16.1,,Southampton
1257,Third,1,"Touma, Master. Georges Youssef",male,7.0,1,1,2650,15.2458,,Cherbourg
755,Third,0,"Davies, Mr. John Samuel",male,21.0,2,0,A/4 48871,24.15,,Southampton
878,Third,0,"Ilmakangas, Miss. Ida Livija",female,27.0,1,0,STON/O2. 3101270,7.925,,Southampton
926,Third,0,"Kelly, Mr. James",male,44.0,0,0,363592,8.05,,Southampton
819,Third,1,"Gilnagh, Miss. Katherine ""Katie""",female,16.0,0,0,35851,7.7333,,Queenstown
665,Third,1,"Barah, Mr. Hanna Assi",male,20.0,0,0,2663,7.2292,,Cherbourg
980,Third,0,"Lundahl, Mr. Johan Svensson",male,51.0,0,0,347743,7.0542,,Southampton
134,First,1,"Goldenberg, Mr. Samuel L",male,49.0,1,0,17453,89.1042,C92,Cherbourg
1082,Third,1,"O'Leary, Miss. Hanora ""Norah""",female,,0,0,330919,7.8292,,Queenstown
1087,Third,0,"Olsson, Miss. Elina",female,31.0,0,0,350407,7.8542,,Southampton
700,Third,0,"Cacic, Mr. Luka",male,38.0,0,0,315089,8.6625,,Southampton
898,Third,0,"Johnson, Mr. Malkolm Joackim",male,33.0,0,0,347062,7.775,,Southampton
1166,Third,0,"Saad, Mr. Khalil",male,25.0,0,0,2672,7.225,,Cherbourg
77,First,1,"Compton, Miss. Sara Rebecca",female,39.0,1,1,PC 17756,83.1583,E49,Cherbourg
301,First,0,"Van der hoef, Mr. Wyckoff",male,61.0,0,0,111240,33.5,B19,Southampton
1273,Third,0,"Vander Cruyssen, Mr. Victor",male,47.0,0,0,345765,9.0,,Southampton
338,Second,1,"Beane, Mrs. Edward (Ethel Clarke)",female,19.0,1,0,2908,26.0,,Southampton
119,First,0,"Franklin, Mr. Thomas Parham",male,,0,0,113778,26.55,D34,Southampton
624,Third,0,"Andersson, Miss. Ebba Iris Alfrida",female,6.0,4,2,347082,31.275,,Southampton
1100,Third,0,"Palsson, Miss. Torborg Danira",female,8.0,3,1,349909,21.075,,Southampton
324,Second,0,"Abelson, Mr. Samuel",male,30.0,1,0,P/PP 3381,24.0,,Cherbourg
501,Second,0,"McKane, Mr. Peter David",male,46.0,0,0,28403,26.0,,Southampton
551,Second,1,"Richards, Mrs. Sidney (Emily Hocking)",female,24.0,2,3,29106,18.75,,Southampton
185,First,0,"Lewy, Mr. Ervin G",male,,0,0,PC 17612,27.7208,,Cherbourg
950,Third,1,"Lang, Mr. Fang",male,26.0,0,0,1601,56.4958,,Southampton
957,Third,0,"Lefebre, Miss. Jeannie",female,,3,1,4133,25.4667,,Southampton
856,Third,0,"Hassan, Mr. Houssein G N",male,11.0,0,0,2699,18.7875,,Cherbourg
954,Third,1,"Leeni, Mr. Fahim (""Philip Zenni"")",male,22.0,0,0,2620,7.225,,Cherbourg
905,Third,0,"Jonkoff, Mr. Lalio",male,23.0,0,0,349204,7.8958,,Southampton
59,First,0,"Case, Mr. Howard Brown",male,49.0,0,0,19924,26.0,,Southampton
271,First,1,"Smith, Mrs. Lucien Philip (Mary Eloise Hughes)",female,18.0,1,0,13695,60.0,C31,Southampton
1221,Third,0,"Spinner, Mr. Henry John",male,32.0,0,0,STON/OQ. 369943,8.05,,Southampton
1030,Third,0,"Moran, Mr. Daniel J",male,,1,0,371110,24.15,,Queenstown
79,First,1,"Compton, Mrs. Alexander Taylor (Mary Eliza Ingersoll)",female,64.0,0,2,PC 17756,83.1583,E45,Cherbourg
219,First,1,"Oliva y Ocana, Dona. Fermina",female,39.0,0,0,PC 17758,108.9,C105,Cherbourg
710,Third,1,"Carr, Miss. Helen ""Ellen""",female,16.0,0,0,367231,7.75,,Queenstown
414,Second,0,"Gale, Mr. Harry",male,38.0,1,0,28664,21.0,,Southampton
274,First,1,"Spedden, Master. Robert Douglas",male,6.0,0,2,16966,134.5,E34,Cherbourg
936,Third,1,"Kink-Heilmann, Mr. Anton",male,29.0,3,1,315153,22.025,,Southampton
290,First,1,"Taussig, Miss. Ruth",female,18.0,0,2,110413,79.65,E68,Southampton
682,Third,0,"Boulos, Mrs. Joseph (Sultana)",female,,0,2,2678,15.2458,,Cherbourg
432,Second,0,"Harper, Rev. John",male,28.0,0,1,248727,33.0,,Southampton
1239,Third,1,"Tenglin, Mr. Gunnar Isidor",male,25.0,0,0,350033,7.7958,,Southampton
723,Third,0,"Coleff, Mr. Satio",male,24.0,0,0,349209,7.4958,,Southampton
1215,Third,0,"Smiljanic, Mr. Mile",male,,0,0,315037,8.6625,,Southampton
982,Third,1,"Lundstrom, Mr. Thure Edvin",male,32.0,0,0,350403,7.5792,,Southampton
161,First,1,"Hippach, Mrs. Louis Albert (Ida Sophia Fischer)",female,44.0,0,1,111361,57.9792,B18,Cherbourg
317,First,0,"Williams, Mr. Charles Duane",male,51.0,0,1,PC 17597,61.3792,,Cherbourg
106,First,0,"Evans, Miss. Edith Corse",female,36.0,0,0,PC 17531,31.6792,A29,Cherbourg
43,First,1,"Brown, Mrs. John Murray (Caroline Lane Lamson)",female,59.0,2,0,11769,51.4792,C101,Southampton
900,Third,1,"Johnson, Mrs. Oscar W (Elisabeth Vilhelmina Berg)",female,27.0,0,2,347742,11.1333,,Southampton
436,Second,0,"Hart, Mr. Benjamin",male,43.0,1,1,F.C.C. 13529,26.25,,Southampton
146,First,1,"Harper, Mr. Henry Sleeper",male,48.0,1,0,PC 17572,76.7292,D33,Cherbourg
1068,Third,1,"Nysten, Miss. Anna Sofia",female,22.0,0,0,347081,7.75,,Southampton
608,Third,1,"Abrahim, Mrs. Joseph (Sophie Halaut Easu)",female,18.0,0,0,2657,7.2292,,Cherbourg
702,Third,0,"Calic, Mr. Petar",male,17.0,0,0,315086,8.6625,,Southampton
1158,Third,0,"Rosblom, Mr. Viktor Richard",male,18.0,1,1,370129,20.2125,,Southampton
552,Second,1,"Ridsdale, Miss. Lucy",female,50.0,0,0,W./C. 14258,10.5,,Southampton
1192,Third,0,"Saundercock, Mr. William Henry",male,20.0,0,0,A/5. 2151,8.05,,Southampton
349,Second,0,"Bracken, Mr. James H",male,27.0,0,0,220367,13.0,,Southampton
365,Second,0,"Carbines, Mr. William",male,19.0,0,0,28424,13.0,,Southampton
762,Third,0,"de Pelsmaeker, Mr. Alfons",male,16.0,0,0,345778,9.5,,Southampton
131,First,1,"Gibson, Miss. Dorothy Winifred",female,22.0,0,1,112378,59.4,,Cherbourg
971,Third,1,"Lindqvist, Mr. Eino William",male,20.0,1,0,STON/O 2. 3101285,7.925,,Southampton
82,First,0,"Crosby, Capt. Edward Gifford",male,70.0,1,1,WE/P 5735,71.0,B22,Southampton
1292,Third,0,"Willer, Mr. Aaron (""Abi Weller"")",male,,0,0,3410,8.7125,,Southampton
556,Second,0,"Sedgwick, Mr. Charles Frederick Waddington",male,25.0,0,0,244361,13.0,,Southampton
579,Second,0,"Ware, Mr. John James",male,30.0,1,0,CA 31352,21.0,,Southampton
761,Third,1,"de Mulder, Mr. Theodore",male,30.0,0,0,345774,9.5,,Southampton
780,Third,0,"Doyle, Miss. Elizabeth",female,24.0,0,0,368702,7.75,,Queenstown
460,Second,0,"Jacobsohn, Mr. Sidney Samuel",male,42.0,1,0,243847,27.0,,Southampton
963,Third,0,"Lennon, Mr. Denis",male,,1,0,370371,15.5,,Queenstown
465,Second,0,"Jenkin, Mr. Stephen Curnow",male,32.0,0,0,C.A. 33111,10.5,,Southampton
805,Third,0,"Foley, Mr. William",male,,0,0,365235,7.75,,Queenstown
588,Second,1,"Wells, Master. Ralph Lester",male,2.0,1,1,29103,23.0,,Southampton
995,Third,0,"Mardirosian, Mr. Sarkis",male,,0,0,2655,7.2292,F E46,Cherbourg
639,Third,0,"Asim, Mr. Adola",male,35.0,0,0,SOTON/O.Q. 3101310,7.05,,Southampton
64,First,1,"Chaffee, Mrs. Herbert Fuller (Carrie Constance Toogood)",female,47.0,1,0,W.E.P. 5734,61.175,E31,Southampton
647,Third,1,"Asplund, Mrs. Carl Oscar (Selma Augusta Emilia Johansson)",female,38.0,1,5,347077,31.3875,,Southampton
464,Second,0,"Jefferys, Mr. Ernest Wilfred",male,22.0,2,0,C.A. 31029,31.5,,Southampton
223,First,0,"Ovies y Rodriguez, Mr. Servando",male,28.5,0,0,PC 17562,27.7208,D43,Cherbourg
828,Third,0,"Goodwin, Master. William Frederick",male,11.0,5,2,CA 2144,46.9,,Southampton
33,First,1,"Bonnell, Miss. Caroline",female,30.0,0,0,36928,164.8667,C7,Southampton
1029,Third,1,"Moran, Miss. Bertha",female,,1,0,371110,24.15,,Queenstown
31,First,0,"Blackwell, Mr. Stephen Weart",male,45.0,0,0,113784,35.5,T,Southampton
1049,Third,1,"Nakid, Miss. Maria (""Mary"")",female,1.0,0,2,2653,15.7417,,Cherbourg
334,Second,1,"Ball, Mrs. (Ada E Hall)",female,36.0,0,0,28551,13.0,D,Southampton
254,First,1,"Ryerson, Mrs. Arthur Larned (Emily Maria Borie)",female,48.0,1,3,PC 17608,262.375,B57 B59 B63 B66,Cherbourg
156,First,1,"Hays, Mrs. Charles Melville (Clara Jennings Gregg)",female,52.0,1,1,12749,93.5,B69,Southampton
206,First,0,"Millet, Mr. Francis Davis",male,65.0,0,0,13509,26.55,E38,Southampton
396,Second,1,"Doling, Miss. Elsie",female,18.0,0,1,231919,23.0,,Southampton
1028,Third,0,"Moore, Mr. Leonard Charles",male,,0,0,A4. 54510,8.05,,Southampton
152,First,1,"Hassab, Mr. Hammad",male,27.0,0,0,PC 17572,76.7292,D49,Cherbourg
445,Second,0,"Hickman, Mr. Stanley George",male,21.0,2,0,S.O.C. 14879,73.5,,Southampton
673,Third,0,"Betros, Master. Seman",male,,0,0,2622,7.2292,,Cherbourg
1092,Third,0,"Oreskovic, Miss. Marija",female,20.0,0,0,315096,8.6625,,Southampton
1059,Third,0,"Nieminen, Miss. Manta Josefina",female,29.0,0,0,3101297,7.925,,Southampton
29,First,1,"Bissette, Miss. Amelia",female,35.0,0,0,PC 17760,135.6333,C99,Southampton
1275,Third,0,"Vander Planke, Mr. Julius",male,31.0,3,0,345763,18.0,,Southampton
58,First,1,"Carter, Mrs. William Ernest (Lucile Polk)",female,36.0,1,2,113760,120.0,B96 B98,Southampton
381,Second,1,"Cook, Mrs. (Selena Rogers)",female,22.0,0,0,W./C. 14266,10.5,F33,Southampton
962,Third,0,"Lennon, Miss. Mary",female,,1,0,370371,15.5,,Queenstown
423,Second,0,"Gill, Mr. John William",male,24.0,0,0,233866,13.0,,Southampton
1217,Third,1,"Smyth, Miss. Julia",female,,0,0,335432,7.7333,,Queenstown
91,First,1,"Davidson, Mrs. Thornton (Orian Hays)",female,27.0,1,2,F.C. 12750,52.0,B71,Southampton
1135,Third,0,"Pokrnic, Mr. Tome",male,24.0,0,0,315092,8.6625,,Southampton
442,Second,1,"Hewlett, Mrs. (Mary D Kingcome) ",female,55.0,0,0,248706,16.0,,Southampton
587,Second,1,"Weisz, Mrs. Leopold (Mathilde Francoise Pede)",female,29.0,1,0,228414,26.0,,Southampton
956,Third,0,"Lefebre, Miss. Ida",female,,3,1,4133,25.4667,,Southampton
379,Second,0,"Collyer, Mr. Harvey",male,31.0,1,1,C.A. 31921,26.25,,Southampton
490,Second,1,"Louch, Mrs. Charles Alexander (Alice Adelaide Slow)",female,42.0,1,0,SC/AH 3085,26.0,,Southampton
859,Third,1,"Hee, Mr. Ling",male,,0,0,1601,56.4958,,Southampton
763,Third,1,"Dean, Master. Bertram Vere",male,1.0,1,2,C.A. 2315,20.575,,Southampton
1069,Third,0,"Nysveen, Mr. Johan Hansen",male,61.0,0,0,345364,6.2375,,Southampton
443,Second,0,"Hickman, Mr. Leonard Mark",male,24.0,2,0,S.O.C. 14879,73.5,,Southampton
1177,Third,0,"Sage, Mr. Douglas Bullen",male,,8,2,CA. 2343,69.55,,Southampton
716,Third,0,"Christmann, Mr. Emil",male,29.0,0,0,343276,8.05,,Southampton
137,First,1,"Gracie, Col. Archibald IV",male,53.0,0,0,113780,28.5,C51,Cherbourg
867,Third,1,"Hirvonen, Miss. Hildur E",female,2.0,0,1,3101298,12.2875,,Southampton
1287,Third,1,"Whabee, Mrs. George Joseph (Shawneene Abi-Saab)",female,38.0,0,0,2688,7.2292,,Cherbourg
578,Second,1,"Walcroft, Miss. Nellie",female,31.0,0,0,F.C.C. 13528,21.0,,Southampton
1126,Third,0,"Petersen, Mr. Marius",male,24.0,0,0,342441,8.05,,Southampton
853,Third,0,"Harknett, Miss. Alice Phoebe",female,,0,0,W./C. 6609,7.55,,Southampton
1142,Third,0,"Rice, Master. Albert",male,10.0,4,1,382652,29.125,,Queenstown
6,First,1,"Anderson, Mr. Harry",male,48.0,0,0,19952,26.55,E12,Southampton
803,Third,0,"Flynn, Mr. John",male,,0,0,368323,6.95,,Queenstown
174,First,0,"Keeping, Mr. Edwin",male,32.5,0,0,113503,211.5,C132,Cherbourg
158,First,0,"Hilliard, Mr. Herbert Henry",male,,0,0,17463,51.8625,E46,Southampton
232,First,1,"Peuchen, Major. Arthur Godfrey",male,52.0,0,0,113786,30.5,C104,Southampton
817,Third,0,"Gheorgheff, Mr. Stanio",male,,0,0,349254,7.8958,,Cherbourg
383,Second,0,"Corey, Mrs. Percy C (Mary Phyllis Elizabeth Miller)",female,,0,0,F.C.C. 13534,21.0,,Southampton
169,First,1,"Icard, Miss. Amelie",female,38.0,0,0,113572,80.0,B28,
69,First,1,"Chevre, Mr. Paul Romaine",male,45.0,0,0,PC 17594,29.7,A9,Cherbourg
614,Third,1,"Albimona, Mr. Nassef Cassem",male,26.0,0,0,2699,18.7875,,Cherbourg
297,First,1,"Thayer, Mrs. John Borland (Marian Longstreth Morris)",female,39.0,1,1,17421,110.8833,C68,Cherbourg
873,Third,1,"Howard, Miss. May Elizabeth",female,,0,0,A. 2. 39186,8.05,,Southampton
833,Third,0,"Goodwin, Mrs. Frederick (Augusta Tyler)",female,43.0,1,6,CA 2144,46.9,,Southampton
785,Third,0,"Dyker, Mr. Adolf Fredrik",male,23.0,1,0,347072,13.9,,Southampton
113,First,1,"Fortune, Miss. Ethel Flora",female,28.0,3,2,19950,263.0,C23 C25 C27,Southampton
707,Third,0,"Caram, Mrs. Joseph (Maria Elias)",female,,1,0,2689,14.4583,,Cherbourg
545,Second,0,"Renouf, Mr. Peter Henry",male,34.0,1,0,31027,21.0,,Southampton
175,First,0,"Kent, Mr. Edward Austin",male,58.0,0,0,11771,29.7,B37,Cherbourg
376,Second,0,"Collander, Mr. Erik Gustaf",male,28.0,0,0,248740,13.0,,Southampton
1251,Third,0,"Todoroff, Mr. Lalio",male,,0,0,349216,7.8958,,Southampton
621,Third,0,"Andersen, Mr. Albert Karvin",male,32.0,0,0,C 4001,22.525,,Southampton
302,First,0,"Walker, Mr. William Anderson",male,47.0,0,0,36967,34.0208,D46,Southampton
1267,Third,0,"Van Impe, Mr. Jean Baptiste",male,36.0,1,1,345773,24.15,,Southampton
499,Second,0,"McCrae, Mr. Arthur Gordon",male,32.0,0,0,237216,13.5,,Southampton
395,Second,0,"Dibden, Mr. William",male,18.0,0,0,S.O.C. 14879,73.5,,Southampton
147,First,1,"Harper, Mrs. Henry Sleeper (Myna Haxtun)",female,49.0,1,0,PC 17572,76.7292,D33,Cherbourg
214,First,1,"Newell, Miss. Madeleine",female,31.0,1,0,35273,113.275,D36,Cherbourg
1268,Third,0,"Van Impe, Mrs. Jean Baptiste (Rosalie Paula Govaert)",female,30.0,1,1,345773,24.15,,Southampton
933,Third,0,"Kink, Miss. Maria",female,22.0,2,0,315152,8.6625,,Southampton
230,First,1,"Penasco y Castellana, Mrs. Victor de Satode (Maria Josefa Perez de Soto y Vallejo)",female,17.0,1,0,PC 17758,108.9,C65,Cherbourg
1007,Third,1,"McGovern, Miss. Mary",female,,0,0,330931,7.8792,,Queenstown
848,Third,0,"Hanna, Mr. Mansour",male,23.5,0,0,2693,7.2292,,Cherbourg
1021,Third,0,"Minkoff, Mr. Lazar",male,21.0,0,0,349211,7.8958,,Southampton
871,Third,1,"Honkanen, Miss. Eliina",female,27.0,0,0,STON/O2. 3101283,7.925,,Southampton
999,Third,0,"Matinoff, Mr. Nicola",male,,0,0,349255,7.8958,,Cherbourg
549,Second,1,"Richards, Master. George Sibley",male,0.8333,1,1,29106,18.75,,Southampton
1234,Third,1,"Sundman, Mr. Johan Julian",male,44.0,0,0,STON/O 2. 3101269,7.925,,Southampton
533,Second,0,"Peruschitz, Rev. Joseph Maria",male,41.0,0,0,237393,13.0,,Southampton
4,First,0,"Allison, Mr. Hudson Joshua Creighton",male,30.0,1,2,113781,151.55,C22 C26,Southampton
500,Second,0,"McCrie, Mr. James Matthew",male,30.0,0,0,233478,13.0,,Southampton
266,First,1,"Sloper, Mr. William Thompson",male,28.0,0,0,113788,35.5,A6,Southampton
912,Third,0,"Kalvik, Mr. Johannes Halvorsen",male,21.0,0,0,8475,8.4333,,Southampton
438,Second,1,"Herman, Miss. Alice",female,24.0,1,2,220845,65.0,,Southampton
389,Second,1,"Davis, Miss. Mary",female,28.0,0,0,237668,13.0,,Southampton
625,Third,0,"Andersson, Miss. Ellis Anna Maria",female,2.0,4,2,347082,31.275,,Southampton
657,Third,1,"Backstrom, Mrs. Karl Alfred (Maria Mathilda Gustafsson)",female,33.0,3,0,3101278,15.85,,Southampton
192,First,0,"Loring, Mr. Joseph Holland",male,30.0,0,0,113801,45.5,,Southampton
774,Third,0,"Dimic, Mr. Jovan",male,42.0,0,0,315088,8.6625,,Southampton
910,Third,1,"Jussila, Mr. Eiriik",male,32.0,0,0,STON/O 2. 3101286,7.925,,Southampton
1284,Third,0,"Warren, Mr. Charles William",male,,0,0,C.A. 49867,7.55,,Southampton
558,Second,1,"Shelley, Mrs. William (Imanita Parrish Hall)",female,25.0,0,1,230433,26.0,,Southampton
241,First,1,"Romaine, Mr. Charles Hallace (""Mr C Rolmane"")",male,45.0,0,0,111428,26.55,,Southampton
977,Third,0,"Lockyer, Mr. Edward",male,,0,0,1222,7.8792,,Southampton
943,Third,0,"Lahoud, Mr. Sarkis",male,,0,0,2624,7.225,,Cherbourg
401,Second,1,"Drew, Mrs. James Vivian (Lulu Thorne Christian)",female,34.0,1,1,28220,32.5,,Southampton
1250,Third,0,"Tobin, Mr. Roger",male,,0,0,383121,7.75,F38,Queenstown
1084,Third,0,"Olsen, Mr. Henry Margido",male,28.0,0,0,C 4001,22.525,,Southampton
1023,Third,0,"Mitkoff, Mr. Mito",male,,0,0,349221,7.8958,,Southampton
46,First,0,"Butt, Major. Archibald Willingham",male,45.0,0,0,113050,26.55,B38,Southampton
38,First,1,"Bradley, Mr. George (""George Arthur Brayton"")",male,,0,0,111427,26.55,,Southampton
391,Second,0,"Deacon, Mr. Percy William",male,17.0,0,0,S.O.C. 14879,73.5,,Southampton
841,Third,0,"Haas, Miss. Aloisia",female,24.0,0,0,349236,8.85,,Southampton
68,First,1,"Cherry, Miss. Gladys",female,30.0,0,0,110152,86.5,B77,Southampton
807,Third,0,"Ford, Miss. Doolina Margaret ""Daisy""",female,21.0,2,2,W./C. 6608,34.375,,Southampton
252,First,1,"Ryerson, Miss. Susan Parker ""Suzette""",female,21.0,2,2,PC 17608,262.375,B57 B59 B63 B66,Cherbourg
285,First,1,"Stone, Mrs. George Nelson (Martha Evelyn)",female,62.0,0,0,113572,80.0,B28,
663,Third,0,"Badt, Mr. Mohamed",male,40.0,0,0,2623,7.225,,Cherbourg
272,First,1,"Snyder, Mr. John Pillsbury",male,24.0,1,0,21228,82.2667,B45,Southampton
775,Third,0,"Dintcheff, Mr. Valtcho",male,43.0,0,0,349226,7.8958,,Southampton
1038,Third,1,"Moussa, Mrs. (Mantoura Boulos)",female,,0,0,2626,7.2292,,Cherbourg
656,Third,0,"Backstrom, Mr. Karl Alfred",male,32.0,1,0,3101278,15.85,,Southampton
288,First,0,"Sutton, Mr. Frederick",male,61.0,0,0,36963,32.3208,D50,Southampton
20,First,0,"Beattie, Mr. Thomson",male,36.0,0,0,13050,75.2417,C6,Cherbourg
1111,Third,0,"Pavlovic, Mr. Stefo",male,32.0,0,0,349242,7.8958,,Southampton
1041,Third,1,"Mulvihill, Miss. Bertha E",female,24.0,0,0,382653,7.75,,Queenstown
830,Third,0,"Goodwin, Miss. Lillian Amy",female,16.0,5,2,CA 2144,46.9,,Southampton
655,Third,0,"Baccos, Mr. Raffull",male,20.0,0,0,2679,7.225,,Cherbourg
49,First,1,"Candee, Mrs. Edward (Helen Churchill Hungerford)",female,53.0,0,0,PC 17606,27.4458,,Cherbourg
80,First,1,"Cornell, Mrs. Robert Clifford (Malvina Helen Lamson)",female,55.0,2,0,11770,25.7,C101,Southampton
1195,Third,0,"Sdycoff, Mr. Todor",male,,0,0,349222,7.8958,,Southampton
463,Second,0,"Jefferys, Mr. Clifford Thomas",male,24.0,2,0,C.A. 31029,31.5,,Southampton
184,First,1,"Lesurer, Mr. Gustave J",male,35.0,0,0,PC 17755,512.3292,B101,Cherbourg
135,First,1,"Goldenberg, Mrs. Samuel L (Edwiga Grabowska)",female,,1,0,17453,89.1042,C92,Cherbourg
420,Second,0,"Giles, Mr. Edgar",male,21.0,1,0,28133,11.5,,Southampton
209,First,1,"Minahan, Mrs. William Edward (Lillian E Thorpe)",female,37.0,1,0,19928,90.0,C78,Queenstown
1071,Third,0,"O'Brien, Mr. Timothy",male,,0,0,330979,7.8292,,Queenstown
166,First,1,"Hoyt, Mr. Frederick Maxfield",male,38.0,1,0,19943,90.0,C93,Southampton
248,First,1,"Rothschild, Mrs. Martin (Elizabeth L. Barrett)",female,54.0,1,0,PC 17603,59.4,,Cherbourg
447,Second,1,"Hocking, Miss. Ellen ""Nellie""",female,20.0,2,1,29105,23.0,,Southampton
126,First,0,"Fry, Mr. Richard",male,,0,0,112058,0.0,B102,Southampton
273,First,1,"Snyder, Mrs. John Pillsbury (Nelle Stevenson)",female,23.0,1,0,21228,82.2667,B45,Southampton
1225,Third,0,"Stanley, Mr. Edward Roland",male,21.0,0,0,A/4 45380,8.05,,Southampton
60,First,1,"Cassebeer, Mrs. Henry Arthur Jr (Eleanor Genevieve Fosdick)",female,,0,0,17770,27.7208,,Cherbourg
208,First,1,"Minahan, Miss. Daisy E",female,33.0,1,0,19928,90.0,C78,Queenstown
598,Second,1,"Williams, Mr. Charles Eugene",male,,0,0,244373,13.0,,Southampton
808,Third,0,"Ford, Miss. Robina Maggie ""Ruby""",female,9.0,2,2,W./C. 6608,34.375,,Southampton
492,Second,0,"Malachard, Mr. Noel",male,,0,0,237735,15.0458,D,Cherbourg
811,Third,0,"Ford, Mr. William Neal",male,16.0,1,3,W./C. 6608,34.375,,Southampton
661,Third,1,"Baclini, Mrs. Solomon (Latifa Qurban)",female,24.0,0,3,2666,19.2583,,Cherbourg
412,Second,0,"Funk, Miss. Annie Clemmer",female,38.0,0,0,237671,13.0,,Southampton
958,Third,0,"Lefebre, Miss. Mathilde",female,,3,1,4133,25.4667,,Southampton
586,Second,0,"Weisz, Mr. Leopold",male,27.0,1,0,228414,26.0,,Southampton
1083,Third,1,"Olsen, Master. Artur Karl",male,9.0,0,1,C 17368,3.1708,,Southampton
563,Second,1,"Slayter, Miss. Hilda Mary",female,30.0,0,0,234818,12.35,,Queenstown
1245,Third,1,"Thomas, Mrs. Alexander (Thamine ""Thelma"")",female,16.0,1,1,2625,8.5167,,Cherbourg
1274,Third,0,"Vander Planke, Miss. Augusta Maria",female,18.0,2,0,345764,18.0,,Southampton
960,Third,0,"Leinonen, Mr. Antti Gustaf",male,32.0,0,0,STON/O 2. 3101292,7.925,,Southampton
836,Third,0,"Guest, Mr. Robert",male,,0,0,376563,8.05,,Southampton
659,Third,1,"Baclini, Miss. Helene Barbara",female,0.75,2,1,2666,19.2583,,Cherbourg
1008,Third,1,"McGowan, Miss. Anna ""Annie""",female,15.0,0,0,330923,8.0292,,Queenstown
300,First,0,"Uruchurtu, Don. Manuel E",male,40.0,0,0,PC 17601,27.7208,,Cherbourg
1259,Third,1,"Touma, Mrs. Darwis (Hanne Youssef Razi)",female,29.0,0,2,2650,15.2458,,Cherbourg
525,Second,1,"Padro y Manent, Mr. Julian",male,,0,0,SC/PARIS 2146,13.8625,,Cherbourg
783,Third,0,"Duane, Mr. Frank",male,65.0,0,0,336439,7.75,,Queenstown
282,First,1,"Stengel, Mrs. Charles Emil Henry (Annie May Morris)",female,43.0,1,0,11778,55.4417,C116,Cherbourg
469,Second,0,"Karnes, Mrs. J Frank (Claire Bennett)",female,22.0,0,0,F.C.C. 13534,21.0,,Southampton
909,Third,0,"Jussila, Miss. Mari Aina",female,21.0,1,0,4137,9.825,,Southampton
990,Third,0,"Maisner, Mr. Simon",male,,0,0,A/S 2816,8.05,,Southampton
676,Third,0,"Birkeland, Mr. Hans Martin Monsen",male,21.0,0,0,312992,7.775,,Southampton
1203,Third,0,"Sirota, Mr. Maurice",male,,0,0,392092,8.05,,Southampton
1175,Third,0,"Sage, Miss. Dorothy Edith ""Dolly""",female,,8,2,CA. 2343,69.55,,Southampton
1196,Third,0,"Shaughnessy, Mr. Patrick",male,,0,0,370374,7.75,,Queenstown
883,Third,0,"Jardin, Mr. Jose Neto",male,,0,0,SOTON/O.Q. 3101305,7.05,,Southampton
28,First,1,"Bishop, Mrs. Dickinson H (Helen Walton)",female,19.0,1,0,11967,91.0792,B49,Cherbourg
299,First,1,"Tucker, Mr. Gilbert Milligan Jr",male,31.0,0,0,2543,28.5375,C53,Cherbourg
881,Third,1,"Jalsevac, Mr. Ivan",male,29.0,0,0,349240,7.8958,,Cherbourg
633,Third,0,"Andersson, Mrs. Anders Johan (Alfrida Konstantia Brogren)",female,39.0,1,5,347082,31.275,,Southampton
569,Second,0,"Swane, Mr. George",male,18.5,0,0,248734,13.0,F,Southampton
100,First,1,"Duff Gordon, Lady. (Lucille Christiana Sutherland) (""Mrs Morgan"")",female,48.0,1,0,11755,39.6,A16,Cherbourg
1113,Third,0,"Peacock, Miss. Treasteall",female,3.0,1,1,SOTON/O.Q. 3101315,13.775,,Southampton
294,First,1,"Taylor, Mrs. Elmer Zebley (Juliet Cummins Wright)",female,,1,0,19996,52.0,C126,Southampton
1285,Third,0,"Webber, Mr. James",male,,0,0,SOTON/OQ 3101316,8.05,,Southampton
473,Second,0,"Kirkland, Rev. Charles Leonard",male,57.0,0,0,219533,12.35,,Queenstown
622,Third,1,"Andersen-Jensen, Miss. Carla Christine Nielsine",female,19.0,1,0,350046,7.8542,,Southampton
202,First,0,"McCarthy, Mr. Timothy J",male,54.0,0,0,17463,51.8625,E46,Southampton
351,Second,1,"Brown, Miss. Edith Eileen",female,15.0,0,2,29750,39.0,,Southampton
493,Second,1,"Mallet, Master. Andre",male,1.0,0,2,S.C./PARIS 2079,37.0042,,Cherbourg
467,Second,0,"Kantor, Mr. Sinai",male,34.0,1,0,244367,26.0,,Southampton
1178,Third,0,"Sage, Mr. Frederick",male,,8,2,CA. 2343,69.55,,Southampton
444,Second,0,"Hickman, Mr. Lewis",male,32.0,2,0,S.O.C. 14879,73.5,,Southampton
1073,Third,0,"O'Connell, Mr. Patrick D",male,,0,0,334912,7.7333,,Queenstown
718,Third,0,"Chronopoulos, Mr. Demetrios",male,18.0,1,0,2680,14.4542,,Cherbourg
1066,Third,0,"Nosworthy, Mr. Richard Cater",male,21.0,0,0,A/4. 39886,7.8,,Southampton
413,Second,0,"Fynney, Mr. Joseph J",male,35.0,0,0,239865,26.0,,Southampton
604,Third,1,"Abbott, Mrs. Stanton (Rosa Hunt)",female,35.0,1,1,C.A. 2673,20.25,,Southampton
934,Third,0,"Kink, Mr. Vincenz",male,26.0,2,0,315151,8.6625,,Southampton
123,First,1,"Frolicher, Miss. Hedwig Margaritha",female,22.0,0,2,13568,49.5,B39,Cherbourg
831,Third,0,"Goodwin, Mr. Charles Edward",male,14.0,5,2,CA 2144,46.9,,Southampton
1094,Third,0,"Osen, Mr. Olaf Elon",male,16.0,0,0,7534,9.2167,,Southampton
524,Second,1,"Oxenham, Mr. Percy Thomas",male,22.0,0,0,W./C. 14260,10.5,,Southampton
1299,Third,0,"Wittevrongel, Mr. Camille",male,36.0,0,0,345771,9.5,,Southampton
812,Third,0,"Ford, Mrs. Edward (Margaret Ann Watson)",female,48.0,1,3,W./C. 6608,34.375,,Southampton
1271,Third,0,"Vande Walle, Mr. Nestor Cyriel",male,28.0,0,0,345770,9.5,,Southampton
789,Third,0,"Ekstrom, Mr. Johan",male,45.0,0,0,347061,6.975,,Southampton
406,Second,0,"Fahlstrom, Mr. Arne Jonas",male,18.0,0,0,236171,13.0,,Southampton
132,First,1,"Gibson, Mrs. Leonard (Pauline C Boeson)",female,45.0,0,1,112378,59.4,,Cherbourg
680,Third,0,"Boulos, Miss. Nourelain",female,9.0,1,1,2678,15.2458,,Cherbourg
163,First,0,"Holverson, Mr. Alexander Oskar",male,42.0,1,0,113789,52.0,,Southampton
236,First,1,"Rheims, Mr. George Alexander Lucien",male,,0,0,PC 17607,39.6,,Southampton
989,Third,0,"Mahon, Mr. John",male,,0,0,AQ/4 3130,7.75,,Queenstown
1219,Third,0,"Somerton, Mr. Francis William",male,30.0,0,0,A.5. 18509,8.05,,Southampton
54,First,0,"Carrau, Mr. Jose Pedro",male,17.0,0,0,113059,47.1,,Southampton
993,Third,0,"Mangan, Miss. Mary",female,30.5,0,0,364850,7.75,,Queenstown
835,Third,0,"Gronnestad, Mr. Daniel Danielsen",male,32.0,0,0,8471,8.3625,,Southampton
18,First,1,"Baxter, Mrs. James (Helene DeLaudeniere Chaput)",female,50.0,0,1,PC 17558,247.5208,B58 B60,Cherbourg
876,Third,0,"Ibrahim Shawah, Mr. Yousseff",male,30.0,0,0,2685,7.2292,,Cherbourg
786,Third,1,"Dyker, Mrs. Adolf Fredrik (Anna Elisabeth Judith Andersson)",female,22.0,1,0,347072,13.9,,Southampton
717,Third,0,"Chronopoulos, Mr. Apostolos",male,26.0,1,0,2680,14.4542,,Cherbourg
1214,Third,0,"Slocovski, Mr. Selman Francis",male,,0,0,SOTON/OQ 392086,8.05,,Southampton
9,First,1,"Appleton, Mrs. Edward Dale (Charlotte Lamson)",female,53.0,2,0,11769,51.4792,C101,Southampton
897,Third,0,"Johnson, Mr. Alfred",male,49.0,0,0,LINE,0.0,,Southampton
768,Third,0,"Demetri, Mr. Marinko",male,,0,0,349238,7.8958,,Southampton
155,First,0,"Hays, Mr. Charles Melville",male,55.0,1,1,12749,93.5,B69,Southampton
399,Second,1,"Drew, Master. Marshall Brines",male,8.0,0,2,28220,32.5,,Southampton
1261,Third,1,"Turja, Miss. Anna Sofia",female,18.0,0,0,4138,9.8417,,Southampton
630,Third,0,"Andersson, Mr. Anders Johan",male,39.0,1,5,347082,31.275,,Southampton
286,First,0,"Straus, Mr. Isidor",male,67.0,1,0,PC 17483,221.7792,C55 C57,Southampton
978,Third,0,"Lovell, Mr. John Hall (""Henry"")",male,20.5,0,0,A/5 21173,7.25,,Southampton
1168,Third,0,"Sadlier, Mr. Matthew",male,,0,0,367655,7.7292,,Queenstown
863,Third,1,"Hellstrom, Miss. Hilda Maria",female,22.0,0,0,7548,8.9625,,Southampton
701,Third,0,"Calic, Mr. Jovo",male,17.0,0,0,315093,8.6625,,Southampton
902,Third,0,"Johnston, Miss. Catherine Helen ""Carrie""",female,,1,2,W./C. 6607,23.45,,Southampton
35,First,0,"Borebank, Mr. John James",male,42.0,0,0,110489,26.55,D22,Southampton
1137,Third,0,"Rasmussen, Mrs. (Lena Jacobsen Solvang)",female,,0,0,65305,8.1125,,Southampton
366,Second,0,"Carter, Mrs. Ernest Courtenay (Lilian Hughes)",female,44.0,1,0,244252,26.0,,Southampton
306,First,0,"Weir, Col. John",male,60.0,0,0,113800,26.55,,Southampton
136,First,0,"Goldschmidt, Mr. George B",male,71.0,0,0,PC 17754,34.6542,A5,Cherbourg
1026,Third,1,"Moor, Master. Meier",male,6.0,0,1,392096,12.475,E121,Southampton
1286,Third,0,"Wenzel, Mr. Linhart",male,32.5,0,0,345775,9.5,,Southampton
188,First,1,"Lines, Miss. Mary Conover",female,16.0,0,1,PC 17592,39.4,D28,Southampton
869,Third,0,"Holm, Mr. John Fredrik Alexander",male,43.0,0,0,C 7075,6.45,,Southampton
879,Third,0,"Ilmakangas, Miss. Pieta Sofia",female,25.0,1,0,STON/O2. 3101271,7.925,,Southampton
405,Second,0,"Enander, Mr. Ingvar",male,21.0,0,0,236854,13.0,,Southampton
1165,Third,0,"Saad, Mr. Amin",male,,0,0,2671,7.2292,,Cherbourg
32,First,1,"Blank, Mr. Henry",male,40.0,0,0,112277,31.0,A31,Cherbourg
1140,Third,0,"Rekic, Mr. Tido",male,38.0,0,0,349249,7.8958,,Southampton
744,Third,0,"Dahlberg, Miss. Gerda Ulrika",female,22.0,0,0,7552,10.5167,,Southampton
402,Second,1,"Duran y More, Miss. Asuncion",female,27.0,1,0,SC/PARIS 2149,13.8583,,Cherbourg
674,Third,0,"Betros, Mr. Tannous",male,20.0,0,0,2648,4.0125,,Cherbourg
721,Third,0,"Colbert, Mr. Patrick",male,24.0,0,0,371109,7.25,,Queenstown
713,Third,0,"Celotti, Mr. Francesco",male,24.0,0,0,343275,8.05,,Southampton
36,First,1,"Bowen, Miss. Grace Scott",female,45.0,0,0,PC 17608,262.375,,Cherbourg
865,Third,0,"Henriksson, Miss. Jenny Lovisa",female,28.0,0,0,347086,7.775,,Southampton
1098,Third,0,"Palsson, Master. Paul Folke",male,6.0,3,1,349909,21.075,,Southampton
821,Third,1,"Goldsmith, Master. Frank John William ""Frankie""",male,9.0,0,2,363291,20.525,,Southampton
89,First,1,"Daniels, Miss. Sarah",female,33.0,0,0,113781,151.55,,Southampton
1307,Third,0,"Zakarian, Mr. Mapriededer",male,26.5,0,0,2656,7.225,,Cherbourg
1054,Third,0,"Nasr, Mr. Mustafa",male,,0,0,2652,7.2292,,Cherbourg
648,Third,1,"Assaf Khalil, Mrs. Mariana (""Miriam"")",female,45.0,0,0,2696,7.225,,Cherbourg
477,Second,0,"Lahtinen, Rev. William",male,30.0,1,1,250651,26.0,,Southampton
753,Third,0,"Davies, Mr. Alfred J",male,24.0,2,0,A/4 48871,24.15,,Southampton
864,Third,0,"Hendekovic, Mr. Ignjac",male,28.0,0,0,349243,7.8958,,Southampton
521,Second,1,"Nourney, Mr. Alfred (""Baron von Drachstedt"")",male,20.0,0,0,SC/PARIS 2166,13.8625,D38,Cherbourg
927,Third,1,"Kennedy, Mr. John",male,,0,0,368783,7.75,,Queenstown
270,First,0,"Smith, Mr. Richard William",male,,0,0,113056,26.0,A19,Southampton
1199,Third,1,"Shine, Miss. Ellen Natalia",female,,0,0,330968,7.7792,,Queenstown
1184,Third,0,"Salonen, Mr. Johan Werner",male,39.0,0,0,3101296,7.925,,Southampton
1182,Third,0,"Salander, Mr. Karl Johan",male,24.0,0,0,7266,9.325,,Southampton
1230,Third,0,"Strilic, Mr. Ivan",male,27.0,0,0,315083,8.6625,,Southampton
237,First,0,"Ringhini, Mr. Sante",male,22.0,0,0,PC 17760,135.6333,,Cherbourg
205,First,1,"Meyer, Mrs. Edgar Joseph (Leila Saks)",female,,1,0,PC 17604,82.1708,,Cherbourg
1053,Third,0,"Nankoff, Mr. Minko",male,,0,0,349218,7.8958,,Southampton
1018,Third,1,"Midtsjo, Mr. Karl Albert",male,21.0,0,0,345501,7.775,,Southampton
1131,Third,0,"Pettersson, Miss. Ellen Natalia",female,18.0,0,0,347087,7.775,,Southampton
94,First,1,"Dodge, Dr. Washington",male,53.0,1,1,33638,81.8583,A34,Southampton
323,First,1,"Young, Miss. Marie Grice",female,36.0,0,0,PC 17760,135.6333,C32,Cherbourg
220,First,1,"Omont, Mr. Alfred Fernand",male,,0,0,F.C. 12998,25.7417,,Cherbourg
984,Third,0,"MacKay, Mr. George William",male,,0,0,C.A. 42795,7.55,,Southampton
1208,Third,0,"Skoog, Master. Karl Thorsten",male,10.0,3,2,347088,27.9,,Southampton
1063,Third,0,"Nilsson, Mr. August Ferdinand",male,21.0,0,0,350410,7.8542,,Southampton
868,Third,1,"Hirvonen, Mrs. Alexander (Helga E Lindqvist)",female,22.0,1,1,3101298,12.2875,,Southampton
618,Third,0,"Ali, Mr. William",male,25.0,0,0,SOTON/O.Q. 3101312,7.05,,Southampton
310,First,1,"Wick, Miss. Mary Natalie",female,31.0,0,2,36928,164.8667,C7,Southampton
722,Third,0,"Coleff, Mr. Peju",male,36.0,0,0,349210,7.4958,,Southampton
3,First,0,"Allison, Miss. Helen Loraine",female,2.0,1,2,113781,151.55,C22 C26,Southampton
139,First,0,"Graham, Mr. George Edward",male,38.0,0,1,PC 17582,153.4625,C91,Southampton
451,Second,0,"Hodges, Mr. Henry Price",male,50.0,0,0,250643,13.0,,Southampton
196,First,1,"Maioni, Miss. Roberta",female,16.0,0,0,110152,86.5,B79,Southampton
1101,Third,0,"Palsson, Mrs. Nils (Alma Cornelia Berglund)",female,29.0,0,4,349909,21.075,,Southampton
404,Second,0,"Eitemiller, Mr. George Floyd",male,23.0,0,0,29751,13.0,,Southampton
229,First,0,"Penasco y Castellana, Mr. Victor de Satode",male,18.0,1,0,PC 17758,108.9,C65,Cherbourg
318,First,1,"Williams, Mr. Richard Norris II",male,21.0,0,1,PC 17597,61.3792,,Cherbourg
568,Second,0,"Stokes, Mr. Philip Joseph",male,25.0,0,0,F.C.C. 13540,10.5,,Southampton
1258,Third,1,"Touma, Miss. Maria Youssef",female,9.0,1,1,2650,15.2458,,Cherbourg
172,First,0,"Jones, Mr. Charles Cresson",male,46.0,0,0,694,26.0,,Southampton
109,First,1,"Fleming, Miss. Margaret",female,,0,0,17421,110.8833,,Cherbourg
951,Third,0,"Larsson, Mr. August Viktor",male,29.0,0,0,7545,9.4833,,Southampton
385,Second,0,"Cunningham, Mr. Alfred Fleming",male,,0,0,239853,0.0,,Southampton
143,First,0,"Guggenheim, Mr. Benjamin",male,46.0,0,0,PC 17593,79.2,B82 B84,Cherbourg
1048,Third,1,"Najib, Miss. Adele Kiamie ""Jane""",female,15.0,0,0,2667,7.225,,Cherbourg
824,Third,1,"Goldsmith, Mrs. Frank John (Emily Alice Brown)",female,31.0,1,1,363291,20.525,,Southampton
327,Second,0,"Andrew, Mr. Edgardo Samuel",male,18.0,0,0,231945,11.5,,Southampton
1089,Third,1,"Olsson, Mr. Oscar Wilhelm",male,32.0,0,0,347079,7.775,,Southampton
736,Third,1,"Coutts, Mrs. William (Winnie ""Minnie"" Treanor)",female,36.0,0,2,C.A. 37671,15.9,,Southampton
357,Second,0,"Butler, Mr. Reginald Fenton",male,25.0,0,0,234686,13.0,,Southampton
99,First,1,"Douglas, Mrs. Walter Donald (Mahala Dutton)",female,48.0,1,0,PC 17761,106.425,C86,Cherbourg
643,Third,0,"Asplund, Master. Filip Oscar",male,13.0,4,2,347077,31.3875,,Southampton
843,Third,0,"Hagland, Mr. Ingvald Olai Olsen",male,,1,0,65303,19.9667,,Southampton
773,Third,0,"Dika, Mr. Mirko",male,17.0,0,0,349232,7.8958,,Southampton
86,First,1,"Cumings, Mrs. John Bradley (Florence Briggs Thayer)",female,38.0,1,0,PC 17599,71.2833,C85,Cherbourg
264,First,1,"Silvey, Mrs. William Baird (Alice Munger)",female,39.0,1,0,13507,55.9,E44,Southampton
816,Third,0,"Garfirth, Mr. John",male,,0,0,358585,14.5,,Southampton
140,First,1,"Graham, Mrs. William Thompson (Edith Junkins)",female,58.0,0,1,PC 17582,153.4625,C125,Southampton
610,Third,0,"Adams, Mr. John",male,26.0,0,0,341826,8.05,,Southampton
766,Third,1,"Dean, Mrs. Bertram (Eva Georgetta Light)",female,33.0,1,2,C.A. 2315,20.575,,Southampton
1191,Third,1,"Sap, Mr. Julius",male,25.0,0,0,345768,9.5,,Southampton
703,Third,0,"Canavan, Miss. Mary",female,21.0,0,0,364846,7.75,,Queenstown
1117,Third,0,"Peduzzi, Mr. Joseph",male,,0,0,A/5 2817,8.05,,Southampton
938,Third,0,"Klasen, Miss. Gertrud Emilia",female,1.0,1,1,350405,12.1833,,Southampton
102,First,0,"Dulles, Mr. William Crothers",male,39.0,0,0,PC 17580,29.7,A18,Cherbourg
145,First,1,"Harder, Mrs. George Achilles (Dorothy Annan)",female,25.0,1,0,11765,55.4417,E50,Cherbourg
5,First,0,"Allison, Mrs. Hudson J C (Bessie Waldo Daniels)",female,25.0,1,2,113781,151.55,C22 C26,Southampton
425,Second,0,"Givard, Mr. Hans Kristensen",male,30.0,0,0,250646,13.0,,Southampton
380,Second,1,"Collyer, Mrs. Harvey (Charlotte Annie Tate)",female,31.0,1,1,C.A. 31921,26.25,,Southampton
1024,Third,1,"Mockler, Miss. Helen Mary ""Ellie""",female,,0,0,330980,7.8792,,Queenstown
448,Second,0,"Hocking, Mr. Richard George",male,23.0,2,1,29104,11.5,,Southampton
1047,Third,0,"Naidenoff, Mr. Penko",male,22.0,0,0,349206,7.8958,,Southampton
1090,Third,0,"Olsvigen, Mr. Thor Anderson",male,20.0,0,0,6563,9.225,,Southampton
179,First,1,"Kimball, Mrs. Edwin Nelson Jr (Gertrude Parsons)",female,45.0,1,0,11753,52.5542,D19,Southampton
1290,Third,0,"Wiklund, Mr. Karl Johan",male,21.0,1,0,3101266,6.4958,,Southampton
1078,Third,1,"O'Driscoll, Miss. Bridget",female,,0,0,14311,7.75,,Queenstown
180,First,0,"Klaber, Mr. Herman",male,,0,0,113028,26.55,C124,Southampton
74,First,1,"Cleaver, Miss. Alice",female,22.0,0,0,113781,151.55,,Southampton
244,First,0,"Rosenshine, Mr. George (""Mr George Thorne"")",male,46.0,0,0,PC 17585,79.2,,Cherbourg
287,First,0,"Straus, Mrs. Isidor (Rosalie Ida Blun)",female,63.0,1,0,PC 17483,221.7792,C55 C57,Southampton
591,Second,1,"West, Miss. Barbara J",female,0.9167,1,2,C.A. 34651,27.75,,Southampton
1296,Third,0,"Windelov, Mr. Einar",male,21.0,0,0,SOTON/OQ 3101317,7.25,,Southampton
1283,Third,0,"Ware, Mr. Frederick",male,,0,0,359309,8.05,,Southampton
769,Third,0,"Denkoff, Mr. Mitto",male,,0,0,349225,7.8958,,Southampton
544,Second,0,"Reeves, Mr. David",male,36.0,0,0,C.A. 17248,10.5,,Southampton
1263,Third,0,"van Billiard, Master. James William",male,,1,1,A/5. 851,14.5,,Southampton
1145,Third,0,"Rice, Master. Eugene",male,2.0,4,1,382652,29.125,,Queenstown
96,First,1,"Dodge, Mrs. Washington (Ruth Vidaver)",female,54.0,1,1,33638,81.8583,A34,Southampton
1204,Third,0,"Sivic, Mr. Husein",male,40.0,0,0,349251,7.8958,,Southampton
580,Second,0,"Ware, Mr. William Jeffery",male,23.0,1,0,28666,10.5,,Southampton
258,First,1,"Schabert, Mrs. Paul (Emma Mock)",female,35.0,1,0,13236,57.75,C28,Cherbourg
242,First,0,"Rood, Mr. Hugh Roscoe",male,,0,0,113767,50.0,A32,Southampton
359,Second,1,"Bystrom, Mrs. (Karolina)",female,42.0,0,0,236852,13.0,,Southampton
634,Third,0,"Andreasson, Mr. Paul Edvin",male,20.0,0,0,347466,7.8542,,Southampton
331,Second,0,"Ashby, Mr. John",male,57.0,0,0,244346,13.0,,Southampton
164,First,1,"Holverson, Mrs. Alexander Oskar (Mary Aline Towner)",female,35.0,1,0,113789,52.0,,Southampton
482,Second,1,"Laroche, Mrs. Joseph (Juliette Marie Louise Lafargue)",female,22.0,1,2,SC/Paris 2123,41.5792,,Cherbourg
756,Third,0,"Davies, Mr. Joseph",male,17.0,2,0,A/4 48873,8.05,,Southampton
225,First,0,"Partner, Mr. Austen",male,45.5,0,0,113043,28.5,C124,Southampton
1295,Third,0,"Williams, Mr. Leslie",male,28.5,0,0,54636,16.1,,Southampton
495,Second,1,"Mallet, Mrs. Albert (Antoinette Magnin)",female,24.0,1,1,S.C./PARIS 2079,37.0042,,Cherbourg
529,Second,0,"Parkes, Mr. Francis ""Frank""",male,,0,0,239853,0.0,,Southampton
548,Second,0,"Richard, Mr. Emile",male,23.0,0,0,SC/PARIS 2133,15.0458,,Cherbourg
790,Third,0,"Elias, Mr. Dibo",male,,0,0,2674,7.225,,Cherbourg
384,Second,0,"Cotterill, Mr. Henry ""Harry""",male,21.0,0,0,29107,11.5,,Southampton
609,Third,0,"Adahl, Mr. Mauritz Nils Martin",male,30.0,0,0,C 7076,7.25,,Southampton
1256,Third,0,"Toufik, Mr. Nakli",male,,0,0,2641,7.2292,,Cherbourg
44,First,1,"Bucknell, Mrs. William Robert (Emma Eliza Ward)",female,60.0,0,0,11813,76.2917,D15,Cherbourg
200,First,1,"Mayne, Mlle. Berthe Antonine (""Mrs de Villiers"")",female,24.0,0,0,PC 17482,49.5042,C90,Cherbourg
788,Third,0,"Eklund, Mr. Hans Linus",male,16.0,0,0,347074,7.775,,Southampton
1224,Third,1,"Stanley, Miss. Amy Zillah Elsie",female,23.0,0,0,CA. 2314,7.55,,Southampton
1104,Third,0,"Panula, Master. Urho Abraham",male,2.0,4,1,3101295,39.6875,,Southampton
966,Third,0,"Lievens, Mr. Rene Aime",male,24.0,0,0,345781,9.5,,Southampton
948,Third,1,"Landergren, Miss. Aurora Adelia",female,22.0,0,0,C 7077,7.25,,Southampton
505,Second,0,"Meyer, Mr. August",male,39.0,0,0,248723,13.0,,Southampton
168,First,1,"Hoyt, Mrs. Frederick Maxfield (Jane Anne Forby)",female,35.0,1,0,19943,90.0,C93,Southampton
344,Second,1,"Beesley, Mr. Lawrence",male,34.0,0,0,248698,13.0,D56,Southampton
826,Third,0,"Goodwin, Master. Harold Victor",male,9.0,5,2,CA 2144,46.9,,Southampton
1280,Third,0,"Vestrom, Miss. Hulda Amanda Adolfina",female,14.0,0,0,350406,7.8542,,Southampton
573,Second,1,"Trout, Mrs. William H (Jessie L)",female,28.0,0,0,240929,12.65,,Southampton
98,First,1,"Douglas, Mrs. Frederick Charles (Mary Helene Baxter)",female,27.0,1,1,PC 17558,247.5208,B58 B60,Cherbourg
1040,Third,1,"Mullens, Miss. Katherine ""Katie""",female,,0,0,35852,7.7333,,Queenstown
441,Second,1,"Herman, Mrs. Samuel (Jane Laver)",female,48.0,1,2,220845,65.0,,Southampton
1001,Third,1,"McCormack, Mr. Thomas Joseph",male,,0,0,367228,7.75,,Queenstown
959,Third,0,"Lefebre, Mrs. Frank (Frances)",female,,0,4,4133,25.4667,,Southampton
415,Second,0,"Gale, Mr. Shadrach",male,34.0,1,0,28664,21.0,,Southampton
1297,Third,0,"Wirz, Mr. Albert",male,27.0,0,0,315154,8.6625,,Southampton
1132,Third,1,"Pickard, Mr. Berk (Berk Trembisky)",male,32.0,0,0,SOTON/O.Q. 392078,8.05,E10,Southampton
462,Second,0,"Jarvis, Mr. John Denzil",male,47.0,0,0,237565,15.0,,Southampton
955,Third,0,"Lefebre, Master. Henry Forbes",male,,3,1,4133,25.4667,,Southampton
261,First,1,"Shutes, Miss. Elizabeth W",female,40.0,0,0,PC 17582,153.4625,C125,Southampton
263,First,0,"Silvey, Mr. William Baird",male,50.0,1,0,13507,55.9,E44,Southampton
518,Second,0,"Nesson, Mr. Israel",male,26.0,0,0,244368,13.0,F2,Southampton
295,First,0,"Thayer, Mr. John Borland",male,49.0,1,1,17421,110.8833,C68,Cherbourg
740,Third,0,"Cribb, Mr. John Hatfield",male,44.0,0,1,371362,16.1,,Southampton
594,Second,1,"West, Mrs. Edwy Arthur (Ada Mary Worth)",female,33.0,1,2,C.A. 34651,27.75,,Southampton
935,Third,1,"Kink-Heilmann, Miss. Luise Gretchen",female,4.0,0,2,315153,22.025,,Southampton
1097,Third,0,"Palsson, Master. Gosta Leonard",male,2.0,3,1,349909,21.075,,Southampton
583,Second,1,"Watt, Miss. Bertha J",female,12.0,0,0,C.A. 33595,15.75,,Southampton
814,Third,0,"Franklin, Mr. Charles (Charles Fardon)",male,,0,0,SOTON/O.Q. 3101314,7.25,,Southampton
1037,Third,1,"Moubarek, Mrs. George (Omine ""Amenia"" Alexander)",female,,0,2,2661,15.2458,,Cherbourg
352,Second,0,"Brown, Mr. Thomas William Solomon",male,60.0,1,1,29750,39.0,,Southampton
50,First,1,"Cardeza, Mr. Thomas Drake Martinez",male,36.0,0,1,PC 17755,512.3292,B51 B53 B55,Cherbourg
854,Third,0,"Harmer, Mr. Abraham (David Lishin)",male,25.0,0,0,374887,7.25,,Southampton
418,Second,0,"Gavey, Mr. Lawrence",male,26.0,0,0,31028,10.5,,Southampton
293,First,1,"Taylor, Mr. Elmer Zebley",male,48.0,1,0,19996,52.0,C126,Southampton
1046,Third,0,"Myhrman, Mr. Pehr Fabian Oliver Malkolm",male,18.0,0,0,347078,7.75,,Southampton
777,Third,0,"Dooley, Mr. Patrick",male,32.0,0,0,370376,7.75,,Queenstown
78,First,0,"Compton, Mr. Alexander Taylor Jr",male,37.0,1,1,PC 17756,83.1583,E52,Cherbourg
1190,Third,1,"Sandstrom, Miss. Marguerite Rut",female,4.0,1,1,PP 9549,16.7,G6,Southampton
7,First,1,"Andrews, Miss. Kornelia Theodosia",female,63.0,1,0,13502,77.9583,D7,Southampton
21,First,1,"Beckwith, Mr. Richard Leonard",male,37.0,1,1,11751,52.5542,D35,Southampton
732,Third,0,"Cor, Mr. Liudevit",male,19.0,0,0,349231,7.8958,,Southampton
1062,Third,1,"Nilsson, Miss. Helmina Josefina",female,26.0,0,0,347470,7.8542,,Southampton
851,Third,0,"Hansen, Mr. Henry Damsgaard",male,21.0,0,0,350029,7.8542,,Southampton
923,Third,1,"Kelly, Miss. Anna Katherine ""Annie Kate""",female,,0,0,9234,7.75,,Queenstown
708,Third,0,"Carlsson, Mr. August Sigfrid",male,28.0,0,0,350042,7.7958,,Southampton
1118,Third,0,"Pekoniemi, Mr. Edvard",male,21.0,0,0,STON/O 2. 3101294,7.925,,Southampton
1112,Third,0,"Peacock, Master. Alfred Edward",male,0.75,1,1,SOTON/O.Q. 3101315,13.775,,Southampton
704,Third,0,"Canavan, Mr. Patrick",male,21.0,0,0,364858,7.75,,Queenstown
320,First,1,"Wilson, Miss. Helen Alice",female,31.0,0,0,16966,134.5,E39 E41,Cherbourg
928,Third,0,"Khalil, Mr. Betros",male,,1,0,2660,14.4542,,Cherbourg
121,First,1,"Frauenthal, Mr. Isaac Gerald",male,43.0,1,0,17765,27.7208,D40,Cherbourg
470,Second,1,"Keane, Miss. Nora A",female,,0,0,226593,12.35,E101,Queenstown
303,First,1,"Ward, Miss. Anna",female,35.0,0,0,PC 17755,512.3292,,Cherbourg
371,Second,1,"Christy, Miss. Julie Rachel",female,25.0,1,1,237789,30.0,,Southampton
1172,Third,0,"Sage, Master. William Henry",male,14.5,8,2,CA. 2343,69.55,,Southampton
332,Second,0,"Bailey, Mr. Percy Andrew",male,18.0,0,0,29108,11.5,,Southampton
437,Second,1,"Hart, Mrs. Benjamin (Esther Ada Bloomfield)",female,45.0,1,1,F.C.C. 13529,26.25,,Southampton
73,First,1,"Clark, Mrs. Walter Miller (Virginia McDowell)",female,26.0,1,0,13508,136.7792,C89,Cherbourg
840,Third,0,"Gustafsson, Mr. Karl Gideon",male,19.0,0,0,347069,7.775,,Southampton
714,Third,0,"Charters, Mr. David",male,21.0,0,0,A/5. 13032,7.7333,,Queenstown
1153,Third,0,"Robins, Mr. Alexander A",male,50.0,1,0,A/5. 3337,14.5,,Southampton
216,First,0,"Newell, Mr. Arthur Webster",male,58.0,0,2,35273,113.275,D48,Cherbourg
560,Second,1,"Sincock, Miss. Maude",female,20.0,0,0,C.A. 33112,36.75,,Southampton
896,Third,1,"Johnson, Miss. Eleanor Ileen",female,1.0,1,1,347742,11.1333,,Southampton
446,Second,0,"Hiltunen, Miss. Marta",female,18.0,1,1,250650,13.0,,Southampton
227,First,0,"Pears, Mr. Thomas Clinton",male,29.0,1,0,113776,66.6,C2,Southampton
255,First,1,"Saalfeld, Mr. Adolphe",male,,0,0,19988,30.5,C106,Southampton
114,First,1,"Fortune, Miss. Mabel Helen",female,23.0,3,2,19950,263.0,C23 C25 C27,Southampton
1042,Third,0,"Murdlin, Mr. Joseph",male,,0,0,A./5. 3235,8.05,,Southampton
987,Third,0,"Maenpaa, Mr. Matti Alexanteri",male,22.0,0,0,STON/O 2. 3101275,7.125,,Southampton
218,First,0,"Nicholson, Mr. Arthur Ernest",male,64.0,0,0,693,26.0,,Southampton
1067,Third,0,"Novel, Mr. Mansouer",male,28.5,0,0,2697,7.2292,,Cherbourg
679,Third,0,"Boulos, Master. Akar",male,6.0,1,1,2678,15.2458,,Cherbourg
489,Second,0,"Louch, Mr. Charles Alexander",male,50.0,1,0,SC/AH 3085,26.0,,Southampton
886,Third,0,"Jensen, Mr. Svend Lauritz",male,17.0,1,0,350048,7.0542,,Southampton
576,Second,0,"Turpin, Mrs. William John Robert (Dorothy Ann Wonnacott)",female,27.0,1,0,11668,21.0,,Southampton
279,First,1,"Stahelin-Maeglin, Dr. Max",male,32.0,0,0,13214,30.5,B50,Cherbourg
61,First,0,"Cavendish, Mr. Tyrell William",male,36.0,1,0,19877,78.85,C46,Southampton
387,Second,0,"Davies, Mr. Charles Henry",male,18.0,0,0,S.O.C. 14879,73.5,,Southampton
787,Third,0,"Edvardsson, Mr. Gustaf Hjalmar",male,18.0,0,0,349912,7.775,,Southampton
1009,Third,0,"McGowan, Miss. Katherine",female,35.0,0,0,9232,7.75,,Queenstown
662,Third,1,"Badman, Miss. Emily Louisa",female,18.0,0,0,A/4 31416,8.05,,Southampton
880,Third,0,"Ivanoff, Mr. Kanio",male,,0,0,349201,7.8958,,Southampton
433,Second,1,"Harris, Mr. George",male,62.0,0,0,S.W./PP 752,10.5,,Southampton
340,Second,1,"Becker, Master. Richard F",male,1.0,2,1,230136,39.0,F4,Southampton
243,First,1,"Rosenbaum, Miss. Edith Louise",female,33.0,0,0,PC 17613,27.7208,A11,Cherbourg
585,Second,1,"Webber, Miss. Susan",female,32.5,0,0,27267,13.0,E101,Southampton
321,First,1,"Woolner, Mr. Hugh",male,,0,0,19947,35.5,C52,Southampton
822,Third,0,"Goldsmith, Mr. Frank John",male,33.0,1,1,363291,20.525,,Southampton
607,Third,1,"Abrahamsson, Mr. Abraham August Johannes",male,20.0,0,0,SOTON/O2 3101284,7.925,,Southampton
189,First,1,"Lines, Mrs. Ernest H (Elizabeth Lindsey James)",female,51.0,0,1,PC 17592,39.4,D28,Southampton
398,Second,0,"Downton, Mr. William James",male,54.0,0,0,28403,26.0,,Southampton
802,Third,0,"Flynn, Mr. James",male,,0,0,364851,7.75,,Queenstown
660,Third,1,"Baclini, Miss. Marie Catherine",female,5.0,2,1,2666,19.2583,,Cherbourg
1164,Third,0,"Ryan, Mr. Patrick",male,,0,0,371110,24.15,,Queenstown
1171,Third,0,"Sage, Master. Thomas Henry",male,,8,2,CA. 2343,69.55,,Southampton
806,Third,1,"Foo, Mr. Choong",male,,0,0,1601,56.4958,,Southampton
19,First,1,"Bazzani, Miss. Albina",female,32.0,0,0,11813,76.2917,D15,Cherbourg
322,First,0,"Wright, Mr. George",male,62.0,0,0,113807,26.55,,Southampton
1093,Third,0,"Oreskovic, Mr. Luka",male,20.0,0,0,315094,8.6625,,Southampton
449,Second,0,"Hocking, Mr. Samuel James Metcalfe",male,36.0,0,0,242963,13.0,,Southampton
159,First,0,"Hipkins, Mr. William Edward",male,55.0,0,0,680,50.0,C39,Southampton
540,Second,0,"Pulbaum, Mr. Franz",male,27.0,0,0,SC/PARIS 2168,15.0333,,Cherbourg
1006,Third,0,"McEvoy, Mr. Michael",male,,0,0,36568,15.5,,Queenstown
329,Second,0,"Angle, Mr. William A",male,34.0,1,0,226875,26.0,,Southampton
899,Third,0,"Johnson, Mr. William Cahoone Jr",male,19.0,0,0,LINE,0.0,,Southampton
187,First,1,"Lindstrom, Mrs. Carl Johan (Sigrid Posse)",female,55.0,0,0,112377,27.7208,,Cherbourg
907,Third,0,"Jonsson, Mr. Nils Hilding",male,27.0,0,0,350408,7.8542,,Southampton
1265,Third,0,"van Billiard, Mr. Austin Blyler",male,40.5,0,2,A/5. 851,14.5,,Southampton
160,First,1,"Hippach, Miss. Jean Gertrude",female,16.0,0,1,111361,57.9792,B18,Cherbourg
362,Second,1,"Caldwell, Mrs. Albert Francis (Sylvia Mae Harbaugh)",female,22.0,1,1,248738,29.0,,Southampton
162,First,1,"Hogeboom, Mrs. John C (Anna Andrews)",female,51.0,1,0,13502,77.9583,D11,Southampton
455,Second,1,"Hosono, Mr. Masabumi",male,42.0,0,0,237798,13.0,,Southampton
690,Third,0,"Braund, Mr. Owen Harris",male,22.0,1,0,A/5 21171,7.25,,Southampton
1246,Third,0,"Thomson, Mr. Alexander Morrison",male,,0,0,32302,8.05,,Southampton
683,Third,0,"Bourke, Miss. Mary",female,,0,2,364848,7.75,,Queenstown
461,Second,1,"Jacobsohn, Mrs. Sidney Samuel (Amy Frances Christy)",female,24.0,2,1,243847,27.0,,Southampton
112,First,1,"Fortune, Miss. Alice Elizabeth",female,24.0,3,2,19950,263.0,C23 C25 C27,Southampton
485,Second,1,"Lemore, Mrs. (Amelia Milley)",female,34.0,0,0,C.A. 34260,10.5,F33,Southampton
454,Second,0,"Hood, Mr. Ambrose Jr",male,21.0,0,0,S.O.C. 14879,73.5,,Southampton
735,Third,1,"Coutts, Master. William Loch ""William""",male,3.0,1,1,C.A. 37671,15.9,,Southampton
616,Third,0,"Alhomaki, Mr. Ilmari Rudolf",male,20.0,0,0,SOTON/O2 3101287,7.925,,Southampton
532,Second,0,"Pernot, Mr. Rene",male,,0,0,SC/PARIS 2131,15.05,,Cherbourg
737,Third,0,"Coxon, Mr. Daniel",male,59.0,0,0,364500,7.25,,Southampton
575,Second,0,"Turpin, Mr. William John Robert",male,29.0,1,0,11668,21.0,,Southampton
526,Second,0,"Pain, Dr. Alfred",male,23.0,0,0,244278,10.5,,Southampton
611,Third,0,"Ahlin, Mrs. Johan (Johanna Persdotter Larsson)",female,40.0,1,0,7546,9.475,,Southampton
751,Third,0,"Danoff, Mr. Yoto",male,27.0,0,0,349219,7.8958,,Southampton
1288,Third,0,"Widegren, Mr. Carl/Charles Peter",male,51.0,0,0,347064,7.75,,Southampton
627,Third,0,"Andersson, Miss. Ida Augusta Margareta",female,38.0,4,2,347091,7.775,,Southampton
1027,Third,1,"Moor, Mrs. (Beila)",female,27.0,0,1,392096,12.475,E121,Southampton
392,Second,0,"del Carlo, Mr. Sebastiano",male,29.0,1,0,SC/PARIS 2167,27.7208,,Cherbourg
1277,Third,0,"Vander Planke, Mrs. Julius (Emelia Maria Vandemoortele)",female,31.0,1,0,345763,18.0,,Southampton
1010,Third,0,"McMahon, Mr. Martin",male,,0,0,370372,7.75,,Queenstown
1281,Third,0,"Vovk, Mr. Janko",male,22.0,0,0,349252,7.8958,,Southampton
998,Third,1,"Masselmani, Mrs. Fatima",female,,0,0,2649,7.225,,Cherbourg
117,First,1,"Fortune, Mrs. Mark (Mary McDougald)",female,60.0,1,4,19950,263.0,C23 C25 C27,Southampton
829,Third,0,"Goodwin, Miss. Jessie Allis",female,10.0,5,2,CA 2144,46.9,,Southampton
779,Third,1,"Dowdell, Miss. Elizabeth",female,30.0,0,0,364516,12.475,,Southampton
419,Second,0,"Gilbert, Mr. William",male,47.0,0,0,C.A. 30769,10.5,,Southampton
346,Second,0,"Berriman, Mr. William John",male,23.0,0,0,28425,13.0,,Southampton
1300,Third,0,"Yasbeck, Mr. Antoni",male,27.0,1,0,2659,14.4542,,Cherbourg
1305,Third,0,"Zabour, Miss. Hileni",female,14.5,1,0,2665,14.4542,,Cherbourg
1148,Third,0,"Riihivouri, Miss. Susanna Juhantytar ""Sanni""",female,22.0,0,0,3101295,39.6875,,Southampton
358,Second,0,"Byles, Rev. Thomas Roussel Davids",male,42.0,0,0,244310,13.0,,Southampton
685,Third,0,"Bourke, Mrs. John (Catherine)",female,32.0,1,1,364849,15.5,,Queenstown
397,Second,1,"Doling, Mrs. John T (Ada Julia Bone)",female,34.0,0,1,231919,23.0,,Southampton
652,Third,0,"Attalah, Mr. Sleiman",male,30.0,0,0,2694,7.225,,Cherbourg
941,Third,0,"Kraeff, Mr. Theodor",male,,0,0,349253,7.8958,,Cherbourg
792,Third,0,"Elias, Mr. Joseph Jr",male,17.0,1,1,2690,7.2292,,Cherbourg
1266,Third,0,"Van Impe, Miss. Catharina",female,10.0,0,2,345773,24.15,,Southampton
638,Third,0,"Aronsson, Mr. Ernst Axel Algot",male,24.0,0,0,349911,7.775,,Southampton
183,First,1,"LeRoy, Miss. Bertha",female,30.0,0,0,PC 17761,106.425,,Cherbourg
992,Third,1,"Mamee, Mr. Hanna",male,,0,0,2677,7.2292,,Cherbourg
979,Third,1,"Lulic, Mr. Nikola",male,27.0,0,0,315098,8.6625,,Southampton
842,Third,0,"Hagardon, Miss. Kate",female,17.0,0,0,AQ/3. 30631,7.7333,,Queenstown
1232,Third,0,"Strom, Mrs. Wilhelm (Elna Matilda Persson)",female,29.0,1,1,347054,10.4625,G6,Southampton
502,Second,1,"Mellinger, Miss. Madeleine Violet",female,13.0,0,1,250644,19.5,,Southampton
874,Third,0,"Humblen, Mr. Adolf Mathias Nicolai Olsen",male,42.0,0,0,348121,7.65,F G63,Southampton
892,Third,0,"Johansson, Mr. Gustaf Joel",male,33.0,0,0,7540,8.6542,,Southampton
13,First,1,"Aubart, Mme. Leontine Pauline",female,24.0,0,0,PC 17477,69.3,B35,Cherbourg
730,Third,0,"Cor, Mr. Bartol",male,35.0,0,0,349230,7.8958,,Southampton
770,Third,0,"Dennis, Mr. Samuel",male,22.0,0,0,A/5 21172,7.25,,Southampton
765,Third,0,"Dean, Mr. Bertram Frank",male,26.0,1,2,C.A. 2315,20.575,,Southampton
947,Third,0,"Lam, Mr. Len",male,,0,0,1601,56.4958,,Southampton
837,Third,0,"Gustafsson, Mr. Alfred Ossian",male,20.0,0,0,7534,9.8458,,Southampton
507,Second,0,"Mitchell, Mr. Henry Michael",male,70.0,0,0,C.A. 24580,10.5,,Southampton
911,Third,0,"Kallio, Mr. Nikolai Erland",male,17.0,0,0,STON/O 2. 3101274,7.125,,Southampton
130,First,1,"Geiger, Miss. Amalie",female,35.0,0,0,113503,211.5,C130,Cherbourg
1279,Third,0,"Vendel, Mr. Olof Edvin",male,20.0,0,0,350416,7.8542,,Southampton
176,First,0,"Kenyon, Mr. Frederick R",male,41.0,1,0,17464,51.8625,D21,Southampton
612,Third,1,"Aks, Master. Philip Frank",male,0.8333,0,1,392091,9.35,,Southampton
182,First,1,"Leader, Dr. Alice (Farnham)",female,49.0,0,0,17465,25.9292,D17,Southampton
922,Third,0,"Keefe, Mr. Arthur",male,,0,0,323592,7.25,,Southampton
1237,Third,1,"Svensson, Mr. Johan Cervin",male,14.0,0,0,7538,9.225,,Southampton
1076,Third,0,"Odahl, Mr. Nils Martin",male,23.0,0,0,7267,9.225,,Southampton
1248,Third,1,"Thorneycroft, Mrs. Percival (Florence Kate White)",female,,1,0,376564,16.1,,Southampton
1176,Third,0,"Sage, Miss. Stella Anna",female,,8,2,CA. 2343,69.55,,Southampton
1151,Third,0,"Risien, Mr. Samuel Beard",male,,0,0,364498,14.5,,Southampton
